date,state,second_doses,full_per,change,as_at
2021-03-22,act,NA,NA,NA,2022-01-28
2021-03-22,qld,NA,NA,NA,2022-01-28
2021-03-22,nsw,NA,NA,NA,2022-01-28
2021-03-22,vic,3369,0.06,NA,2022-01-28
2021-03-22,sa,NA,NA,NA,2022-01-28
2021-03-22,tas,1100,0.24,NA,2022-01-28
2021-03-23,act,NA,NA,NA,2022-01-28
2021-03-23,qld,NA,NA,NA,2022-01-28
2021-03-23,nsw,NA,NA,NA,2022-01-28
2021-03-23,vic,4362,0.08,0.02,2022-01-28
2021-03-23,sa,NA,NA,NA,2022-01-28
2021-03-23,tas,1100,0.24,0,2022-01-28
2021-03-24,act,NA,NA,NA,2022-01-28
2021-03-24,qld,NA,NA,NA,2022-01-28
2021-03-24,nsw,NA,NA,NA,2022-01-28
2021-03-24,vic,5709,0.1,0.02,2022-01-28
2021-03-24,sa,NA,NA,NA,2022-01-28
2021-03-24,tas,1100,0.24,0,2022-01-28
2021-03-25,act,NA,NA,NA,2022-01-28
2021-03-25,qld,NA,NA,NA,2022-01-28
2021-03-25,nsw,NA,NA,NA,2022-01-28
2021-03-25,vic,6797,0.12,0.02,2022-01-28
2021-03-25,sa,NA,NA,NA,2022-01-28
2021-03-25,tas,2178,0.47,0.23,2022-01-28
2021-03-26,act,NA,NA,NA,2022-01-28
2021-03-26,qld,NA,NA,NA,2022-01-28
2021-03-26,nsw,NA,NA,NA,2022-01-28
2021-03-26,vic,7874,0.14,0.02,2022-01-28
2021-03-26,sa,NA,NA,NA,2022-01-28
2021-03-26,tas,2178,0.47,0,2022-01-28
2021-03-27,act,NA,NA,NA,2022-01-28
2021-03-27,qld,NA,NA,NA,2022-01-28
2021-03-27,nsw,NA,NA,NA,2022-01-28
2021-03-27,vic,9073,0.16,0.02,2022-01-28
2021-03-27,sa,NA,NA,NA,2022-01-28
2021-03-27,tas,2178,0.47,0,2022-01-28
2021-03-28,act,NA,NA,NA,2022-01-28
2021-03-28,qld,7000,0.16,NA,2022-01-28
2021-03-28,nsw,NA,NA,NA,2022-01-28
2021-03-28,vic,9612,0.17,0.01,2022-01-28
2021-03-28,sa,NA,NA,NA,2022-01-28
2021-03-28,tas,2178,0.47,0,2022-01-28
2021-03-29,act,NA,NA,NA,2022-01-28
2021-03-29,qld,7000,0.16,0,2022-01-28
2021-03-29,nsw,NA,NA,NA,2022-01-28
2021-03-29,vic,11108,0.19,0.02,2022-01-28
2021-03-29,sa,NA,NA,NA,2022-01-28
2021-03-29,tas,2178,0.47,0,2022-01-28
2021-03-30,act,NA,NA,NA,2022-01-28
2021-03-30,qld,7000,0.16,0,2022-01-28
2021-03-30,nsw,NA,NA,NA,2022-01-28
2021-03-30,vic,12782,0.22,0.03,2022-01-28
2021-03-30,sa,NA,NA,NA,2022-01-28
2021-03-30,tas,2535,0.54,0.07,2022-01-28
2021-03-31,act,NA,NA,NA,2022-01-28
2021-03-31,qld,7000,0.16,0,2022-01-28
2021-03-31,nsw,NA,NA,NA,2022-01-28
2021-03-31,vic,15448,0.27,0.05,2022-01-28
2021-03-31,sa,NA,NA,NA,2022-01-28
2021-03-31,tas,2535,0.54,NA,2022-01-28
2021-04-01,act,NA,NA,NA,2022-01-28
2021-04-01,qld,7000,0.16,0,2022-01-28
2021-04-01,nsw,29796,0.43,NA,2022-01-28
2021-04-01,vic,18059,0.32,0.05,2022-01-28
2021-04-01,sa,NA,NA,NA,2022-01-28
2021-04-01,tas,NA,NA,NA,2022-01-28
2021-04-02,act,NA,NA,NA,2022-01-28
2021-04-02,qld,7000,0.16,0,2022-01-28
2021-04-02,nsw,30383,0.44,0.01,2022-01-28
2021-04-02,vic,18413,0.32,0,2022-01-28
2021-04-02,sa,NA,NA,NA,2022-01-28
2021-04-02,tas,NA,NA,NA,2022-01-28
2021-04-03,act,NA,NA,NA,2022-01-28
2021-04-03,qld,7000,0.16,0,2022-01-28
2021-04-03,nsw,31212,0.45,0.01,2022-01-28
2021-04-03,vic,18414,0.32,0,2022-01-28
2021-04-03,sa,NA,NA,NA,2022-01-28
2021-04-03,tas,NA,NA,NA,2022-01-28
2021-04-04,act,NA,NA,NA,2022-01-28
2021-04-04,qld,7000,0.16,0,2022-01-28
2021-04-04,nsw,31212,0.45,0,2022-01-28
2021-04-04,vic,18726,0.33,0.01,2022-01-28
2021-04-04,sa,NA,NA,NA,2022-01-28
2021-04-04,tas,NA,NA,NA,2022-01-28
2021-04-05,act,NA,NA,NA,2022-01-28
2021-04-05,qld,7000,0.16,0,2022-01-28
2021-04-05,nsw,31795,0.46,0.01,2022-01-28
2021-04-05,vic,19116,0.33,0,2022-01-28
2021-04-05,sa,NA,NA,NA,2022-01-28
2021-04-05,tas,NA,NA,NA,2022-01-28
2021-04-06,act,NA,NA,NA,2022-01-28
2021-04-06,qld,7000,0.16,NA,2022-01-28
2021-04-06,nsw,35475,0.51,0.05,2022-01-28
2021-04-06,vic,21690,0.38,0.05,2022-01-28
2021-04-06,sa,NA,NA,NA,2022-01-28
2021-04-06,tas,NA,NA,NA,2022-01-28
2021-04-07,act,NA,NA,NA,2022-01-28
2021-04-07,qld,NA,NA,NA,2022-01-28
2021-04-07,nsw,38445,0.55,0.04,2022-01-28
2021-04-07,vic,23793,0.42,0.04,2022-01-28
2021-04-07,sa,NA,NA,NA,2022-01-28
2021-04-07,tas,NA,NA,NA,2022-01-28
2021-04-08,act,NA,NA,NA,2022-01-28
2021-04-08,qld,NA,NA,NA,2022-01-28
2021-04-08,nsw,41376,0.59,0.04,2022-01-28
2021-04-08,vic,27261,0.48,0.06,2022-01-28
2021-04-08,sa,NA,NA,NA,2022-01-28
2021-04-08,tas,NA,NA,NA,2022-01-28
2021-04-09,act,NA,NA,NA,2022-01-28
2021-04-09,qld,NA,NA,NA,2022-01-28
2021-04-09,nsw,44016,0.63,0.04,2022-01-28
2021-04-09,vic,29360,0.51,0.03,2022-01-28
2021-04-09,sa,NA,NA,NA,2022-01-28
2021-04-09,tas,NA,NA,NA,2022-01-28
2021-04-10,act,NA,NA,NA,2022-01-28
2021-04-10,qld,NA,NA,NA,2022-01-28
2021-04-10,nsw,44208,0.64,0.01,2022-01-28
2021-04-10,vic,29835,0.52,0.01,2022-01-28
2021-04-10,sa,NA,NA,NA,2022-01-28
2021-04-10,tas,NA,NA,NA,2022-01-28
2021-04-11,act,NA,NA,NA,2022-01-28
2021-04-11,qld,NA,NA,NA,2022-01-28
2021-04-11,nsw,44208,0.64,0,2022-01-28
2021-04-11,vic,30255,0.53,0.01,2022-01-28
2021-04-11,sa,NA,NA,NA,2022-01-28
2021-04-11,tas,NA,NA,NA,2022-01-28
2021-04-12,act,NA,NA,NA,2022-01-28
2021-04-12,qld,NA,NA,NA,2022-01-28
2021-04-12,nsw,46400,0.67,0.03,2022-01-28
2021-04-12,vic,32489,0.57,0.04,2022-01-28
2021-04-12,sa,NA,NA,NA,2022-01-28
2021-04-12,tas,NA,NA,NA,2022-01-28
2021-04-13,act,NA,NA,NA,2022-01-28
2021-04-13,qld,NA,NA,NA,2022-01-28
2021-04-13,nsw,48482,0.7,0.03,2022-01-28
2021-04-13,vic,34530,0.6,0.03,2022-01-28
2021-04-13,sa,NA,NA,NA,2022-01-28
2021-04-13,tas,NA,NA,NA,2022-01-28
2021-04-14,act,NA,NA,NA,2022-01-28
2021-04-14,qld,NA,NA,NA,2022-01-28
2021-04-14,nsw,50388,0.72,0.02,2022-01-28
2021-04-14,vic,36307,0.64,0.04,2022-01-28
2021-04-14,sa,NA,NA,NA,2022-01-28
2021-04-14,tas,NA,NA,NA,2022-01-28
2021-04-15,act,NA,NA,NA,2022-01-28
2021-04-15,qld,NA,NA,NA,2022-01-28
2021-04-15,nsw,52537,0.76,0.04,2022-01-28
2021-04-15,vic,37534,0.66,0.02,2022-01-28
2021-04-15,sa,NA,NA,NA,2022-01-28
2021-04-15,tas,NA,NA,NA,2022-01-28
2021-04-16,act,NA,NA,NA,2022-01-28
2021-04-16,qld,NA,NA,NA,2022-01-28
2021-04-16,nsw,54555,0.78,0.02,2022-01-28
2021-04-16,vic,38814,0.68,0.02,2022-01-28
2021-04-16,sa,NA,NA,NA,2022-01-28
2021-04-16,tas,NA,NA,NA,2022-01-28
2021-04-17,act,NA,NA,NA,2022-01-28
2021-04-17,qld,NA,NA,NA,2022-01-28
2021-04-17,nsw,54668,0.79,0.01,2022-01-28
2021-04-17,vic,38849,0.68,0,2022-01-28
2021-04-17,sa,NA,NA,NA,2022-01-28
2021-04-17,tas,NA,NA,NA,2022-01-28
2021-04-18,act,NA,NA,NA,2022-01-28
2021-04-18,qld,NA,NA,NA,2022-01-28
2021-04-18,nsw,54668,0.79,0,2022-01-28
2021-04-18,vic,39322,0.69,0.01,2022-01-28
2021-04-18,sa,NA,NA,NA,2022-01-28
2021-04-18,tas,NA,NA,NA,2022-01-28
2021-04-19,act,NA,NA,NA,2022-01-28
2021-04-19,qld,NA,NA,NA,2022-01-28
2021-04-19,nsw,54736,0.79,0,2022-01-28
2021-04-19,vic,41142,0.72,0.03,2022-01-28
2021-04-19,sa,NA,NA,NA,2022-01-28
2021-04-19,tas,NA,NA,NA,2022-01-28
2021-04-20,act,NA,NA,NA,2022-01-28
2021-04-20,qld,NA,NA,NA,2022-01-28
2021-04-20,nsw,58662,0.84,0.05,2022-01-28
2021-04-20,vic,42235,0.74,0.02,2022-01-28
2021-04-20,sa,NA,NA,NA,2022-01-28
2021-04-20,tas,8217,1.76,NA,2022-01-28
2021-04-21,act,NA,NA,NA,2022-01-28
2021-04-21,qld,NA,NA,NA,2022-01-28
2021-04-21,nsw,60582,0.87,0.03,2022-01-28
2021-04-21,vic,43145,0.75,0.01,2022-01-28
2021-04-21,sa,NA,NA,NA,2022-01-28
2021-04-21,tas,8217,1.76,NA,2022-01-28
2021-04-22,act,NA,NA,NA,2022-01-28
2021-04-22,qld,NA,NA,NA,2022-01-28
2021-04-22,nsw,62491,0.9,0.03,2022-01-28
2021-04-22,vic,44750,0.78,0.03,2022-01-28
2021-04-22,sa,NA,NA,NA,2022-01-28
2021-04-22,tas,NA,NA,NA,2022-01-28
2021-04-23,act,NA,NA,NA,2022-01-28
2021-04-23,qld,NA,NA,NA,2022-01-28
2021-04-23,nsw,63317,0.91,0.01,2022-01-28
2021-04-23,vic,44750,0.78,0,2022-01-28
2021-04-23,sa,NA,NA,NA,2022-01-28
2021-04-23,tas,NA,NA,NA,2022-01-28
2021-04-24,act,NA,NA,NA,2022-01-28
2021-04-24,qld,NA,NA,NA,2022-01-28
2021-04-24,nsw,63537,0.91,0,2022-01-28
2021-04-24,vic,45537,0.8,0.02,2022-01-28
2021-04-24,sa,NA,NA,NA,2022-01-28
2021-04-24,tas,NA,NA,NA,2022-01-28
2021-04-25,act,NA,NA,NA,2022-01-28
2021-04-25,qld,NA,NA,NA,2022-01-28
2021-04-25,nsw,63537,0.91,0,2022-01-28
2021-04-25,vic,45559,0.8,0,2022-01-28
2021-04-25,sa,NA,NA,NA,2022-01-28
2021-04-25,tas,NA,NA,NA,2022-01-28
2021-04-26,act,NA,NA,NA,2022-01-28
2021-04-26,qld,NA,NA,NA,2022-01-28
2021-04-26,nsw,63944,0.92,0.01,2022-01-28
2021-04-26,vic,45800,0.8,0,2022-01-28
2021-04-26,sa,NA,NA,NA,2022-01-28
2021-04-26,tas,NA,NA,NA,2022-01-28
2021-04-27,act,NA,NA,NA,2022-01-28
2021-04-27,qld,NA,NA,NA,2022-01-28
2021-04-27,nsw,64910,0.93,0.01,2022-01-28
2021-04-27,vic,46873,0.82,0.02,2022-01-28
2021-04-27,sa,NA,NA,NA,2022-01-28
2021-04-27,tas,NA,NA,NA,2022-01-28
2021-04-28,act,NA,NA,NA,2022-01-28
2021-04-28,qld,NA,NA,NA,2022-01-28
2021-04-28,nsw,65948,0.95,0.02,2022-01-28
2021-04-28,vic,47438,0.83,0.01,2022-01-28
2021-04-28,sa,NA,NA,NA,2022-01-28
2021-04-28,tas,NA,NA,NA,2022-01-28
2021-04-29,act,NA,NA,NA,2022-01-28
2021-04-29,qld,NA,NA,NA,2022-01-28
2021-04-29,nsw,67149,0.97,0.02,2022-01-28
2021-04-29,vic,47959,0.84,0.01,2022-01-28
2021-04-29,sa,NA,NA,NA,2022-01-28
2021-04-29,tas,NA,NA,NA,2022-01-28
2021-04-30,act,NA,NA,NA,2022-01-28
2021-04-30,qld,NA,NA,NA,2022-01-28
2021-04-30,nsw,68472,0.98,0.01,2022-01-28
2021-04-30,vic,48306,0.85,0.01,2022-01-28
2021-04-30,sa,NA,NA,NA,2022-01-28
2021-04-30,tas,NA,NA,NA,2022-01-28
2021-05-01,act,NA,NA,NA,2022-01-28
2021-05-01,qld,NA,NA,NA,2022-01-28
2021-05-01,nsw,68656,0.99,0.01,2022-01-28
2021-05-01,vic,48564,0.85,0,2022-01-28
2021-05-01,sa,NA,NA,NA,2022-01-28
2021-05-01,tas,NA,NA,NA,2022-01-28
2021-05-02,act,NA,NA,NA,2022-01-28
2021-05-02,qld,NA,NA,NA,2022-01-28
2021-05-02,nsw,68656,0.99,0,2022-01-28
2021-05-02,vic,48753,0.85,0,2022-01-28
2021-05-02,sa,NA,NA,NA,2022-01-28
2021-05-02,tas,NA,NA,NA,2022-01-28
2021-05-03,act,NA,NA,NA,2022-01-28
2021-05-03,qld,NA,NA,NA,2022-01-28
2021-05-03,nsw,70039,1.01,0.02,2022-01-28
2021-05-03,vic,49241,0.86,0.01,2022-01-28
2021-05-03,sa,NA,NA,NA,2022-01-28
2021-05-03,tas,NA,NA,NA,2022-01-28
2021-05-04,act,NA,NA,NA,2022-01-28
2021-05-04,qld,NA,NA,NA,2022-01-28
2021-05-04,nsw,71767,1.03,0.02,2022-01-28
2021-05-04,vic,50125,0.88,0.02,2022-01-28
2021-05-04,sa,NA,NA,NA,2022-01-28
2021-05-04,tas,NA,NA,NA,2022-01-28
2021-05-05,act,NA,NA,NA,2022-01-28
2021-05-05,qld,NA,NA,NA,2022-01-28
2021-05-05,nsw,73270,1.05,0.02,2022-01-28
2021-05-05,vic,50995,0.89,0.01,2022-01-28
2021-05-05,sa,NA,NA,NA,2022-01-28
2021-05-05,tas,NA,NA,NA,2022-01-28
2021-05-06,act,NA,NA,NA,2022-01-28
2021-05-06,qld,NA,NA,NA,2022-01-28
2021-05-06,nsw,75187,1.08,0.03,2022-01-28
2021-05-06,vic,52246,0.91,0.02,2022-01-28
2021-05-06,sa,NA,NA,NA,2022-01-28
2021-05-06,tas,NA,NA,NA,2022-01-28
2021-05-07,act,NA,NA,NA,2022-01-28
2021-05-07,qld,NA,NA,NA,2022-01-28
2021-05-07,nsw,76908,1.11,0.03,2022-01-28
2021-05-07,vic,53302,0.93,0.02,2022-01-28
2021-05-07,sa,NA,NA,NA,2022-01-28
2021-05-07,tas,NA,NA,NA,2022-01-28
2021-05-08,act,NA,NA,NA,2022-01-28
2021-05-08,qld,NA,NA,NA,2022-01-28
2021-05-08,nsw,77392,1.11,0,2022-01-28
2021-05-08,vic,53514,0.94,0.01,2022-01-28
2021-05-08,sa,NA,NA,NA,2022-01-28
2021-05-08,tas,NA,NA,NA,2022-01-28
2021-05-09,act,NA,NA,NA,2022-01-28
2021-05-09,qld,NA,NA,NA,2022-01-28
2021-05-09,nsw,77392,1.11,0,2022-01-28
2021-05-09,vic,53835,0.94,0,2022-01-28
2021-05-09,sa,NA,NA,NA,2022-01-28
2021-05-09,tas,NA,NA,NA,2022-01-28
2021-05-10,act,NA,NA,NA,2022-01-28
2021-05-10,qld,NA,NA,NA,2022-01-28
2021-05-10,nsw,78744,1.13,0.02,2022-01-28
2021-05-10,vic,54856,0.96,0.02,2022-01-28
2021-05-10,sa,NA,NA,NA,2022-01-28
2021-05-10,tas,NA,NA,NA,2022-01-28
2021-05-11,act,NA,NA,NA,2022-01-28
2021-05-11,qld,NA,NA,NA,2022-01-28
2021-05-11,nsw,80082,1.15,0.02,2022-01-28
2021-05-11,vic,56098,0.98,0.02,2022-01-28
2021-05-11,sa,NA,NA,NA,2022-01-28
2021-05-11,tas,NA,NA,NA,2022-01-28
2021-05-12,act,NA,NA,NA,2022-01-28
2021-05-12,qld,NA,NA,NA,2022-01-28
2021-05-12,nsw,81457,1.17,0.02,2022-01-28
2021-05-12,vic,58141,1.02,0.04,2022-01-28
2021-05-12,sa,NA,NA,NA,2022-01-28
2021-05-12,tas,NA,NA,NA,2022-01-28
2021-05-13,act,NA,NA,NA,2022-01-28
2021-05-13,qld,NA,NA,NA,2022-01-28
2021-05-13,nsw,82774,1.19,0.02,2022-01-28
2021-05-13,vic,59549,1.04,0.02,2022-01-28
2021-05-13,sa,NA,NA,NA,2022-01-28
2021-05-13,tas,NA,NA,NA,2022-01-28
2021-05-14,act,NA,NA,NA,2022-01-28
2021-05-14,qld,NA,NA,NA,2022-01-28
2021-05-14,nsw,84474,1.21,0.02,2022-01-28
2021-05-14,vic,61396,1.07,0.03,2022-01-28
2021-05-14,sa,NA,NA,NA,2022-01-28
2021-05-14,tas,NA,NA,NA,2022-01-28
2021-05-15,act,NA,NA,NA,2022-01-28
2021-05-15,qld,NA,NA,NA,2022-01-28
2021-05-15,nsw,84963,1.22,0.01,2022-01-28
2021-05-15,vic,61956,1.08,0.01,2022-01-28
2021-05-15,sa,NA,NA,NA,2022-01-28
2021-05-15,tas,NA,NA,NA,2022-01-28
2021-05-16,act,NA,NA,NA,2022-01-28
2021-05-16,qld,NA,NA,NA,2022-01-28
2021-05-16,nsw,84963,1.22,0,2022-01-28
2021-05-16,vic,62267,1.09,0.01,2022-01-28
2021-05-16,sa,NA,NA,NA,2022-01-28
2021-05-16,tas,NA,NA,NA,2022-01-28
2021-05-17,act,NA,NA,NA,2022-01-28
2021-05-17,qld,NA,NA,NA,2022-01-28
2021-05-17,nsw,87045,1.25,0.03,2022-01-28
2021-05-17,vic,64708,1.13,0.04,2022-01-28
2021-05-17,sa,NA,NA,NA,2022-01-28
2021-05-17,tas,NA,NA,NA,2022-01-28
2021-05-18,act,13826,3.8,NA,2022-01-28
2021-05-18,qld,NA,NA,NA,2022-01-28
2021-05-18,nsw,89049,1.28,0.03,2022-01-28
2021-05-18,vic,66702,1.17,0.04,2022-01-28
2021-05-18,sa,NA,NA,NA,2022-01-28
2021-05-18,tas,NA,NA,NA,2022-01-28
2021-05-19,act,13826,3.8,NA,2022-01-28
2021-05-19,qld,NA,NA,NA,2022-01-28
2021-05-19,nsw,91297,1.31,0.03,2022-01-28
2021-05-19,vic,68392,1.2,0.03,2022-01-28
2021-05-19,sa,NA,NA,NA,2022-01-28
2021-05-19,tas,NA,NA,NA,2022-01-28
2021-05-20,act,NA,NA,NA,2022-01-28
2021-05-20,qld,NA,NA,NA,2022-01-28
2021-05-20,nsw,93860,1.35,0.04,2022-01-28
2021-05-20,vic,70668,1.24,0.04,2022-01-28
2021-05-20,sa,NA,NA,NA,2022-01-28
2021-05-20,tas,NA,NA,NA,2022-01-28
2021-05-21,act,NA,NA,NA,2022-01-28
2021-05-21,qld,NA,NA,NA,2022-01-28
2021-05-21,nsw,96266,1.38,0.03,2022-01-28
2021-05-21,vic,72167,1.26,0.02,2022-01-28
2021-05-21,sa,NA,NA,NA,2022-01-28
2021-05-21,tas,NA,NA,NA,2022-01-28
2021-05-22,act,NA,NA,NA,2022-01-28
2021-05-22,qld,NA,NA,NA,2022-01-28
2021-05-22,nsw,96745,1.39,0.01,2022-01-28
2021-05-22,vic,72806,1.27,0.01,2022-01-28
2021-05-22,sa,NA,NA,NA,2022-01-28
2021-05-22,tas,NA,NA,NA,2022-01-28
2021-05-23,act,16656,4.58,NA,2022-01-28
2021-05-23,qld,78898,1.8,NA,2022-01-28
2021-05-23,nsw,125810,1.81,0.42,2022-01-28
2021-05-23,vic,87033,1.52,0.25,2022-01-28
2021-05-23,sa,33229,2.18,NA,2022-01-28
2021-05-23,tas,17966,3.85,NA,2022-01-28
2021-05-24,act,16656,4.58,0,2022-01-28
2021-05-24,qld,78898,1.8,0,2022-01-28
2021-05-24,nsw,125810,1.81,0,2022-01-28
2021-05-24,vic,87033,1.52,0,2022-01-28
2021-05-24,sa,33229,2.18,0,2022-01-28
2021-05-24,tas,17966,3.85,0,2022-01-28
2021-05-25,act,19309,5.31,0.73,2022-01-28
2021-05-25,qld,84774,1.93,0.13,2022-01-28
2021-05-25,nsw,145341,2.09,0.28,2022-01-28
2021-05-25,vic,102081,1.79,0.27,2022-01-28
2021-05-25,sa,38828,2.55,0.37,2022-01-28
2021-05-25,tas,20779,4.45,0.6,2022-01-28
2021-05-26,act,19309,5.31,0,2022-01-28
2021-05-26,qld,84774,1.93,0,2022-01-28
2021-05-26,nsw,150552,2.16,0.07,2022-01-28
2021-05-26,vic,103516,1.81,0.02,2022-01-28
2021-05-26,sa,38828,2.55,0,2022-01-28
2021-05-26,tas,20779,4.45,0,2022-01-28
2021-05-27,act,19309,5.31,0,2022-01-28
2021-05-27,qld,84774,1.93,0,2022-01-28
2021-05-27,nsw,153886,2.21,0.05,2022-01-28
2021-05-27,vic,106257,1.86,0.05,2022-01-28
2021-05-27,sa,38828,2.55,0,2022-01-28
2021-05-27,tas,22000,4.72,0.27,2022-01-28
2021-05-28,act,19309,5.31,0,2022-01-28
2021-05-28,qld,84774,1.93,0,2022-01-28
2021-05-28,nsw,153886,2.21,0,2022-01-28
2021-05-28,vic,107784,1.89,0.03,2022-01-28
2021-05-28,sa,38828,2.55,0,2022-01-28
2021-05-28,tas,22000,4.72,0,2022-01-28
2021-05-29,act,19309,5.31,0,2022-01-28
2021-05-29,qld,84774,1.93,0,2022-01-28
2021-05-29,nsw,153886,2.21,0,2022-01-28
2021-05-29,vic,109581,1.92,0.03,2022-01-28
2021-05-29,sa,38828,2.55,0,2022-01-28
2021-05-29,tas,22000,4.72,0,2022-01-28
2021-05-30,act,19309,5.31,0,2022-01-28
2021-05-30,qld,84774,1.93,0,2022-01-28
2021-05-30,nsw,153886,2.21,0,2022-01-28
2021-05-30,vic,110644,1.94,0.02,2022-01-28
2021-05-30,sa,38828,2.55,0,2022-01-28
2021-05-30,tas,22000,4.72,0,2022-01-28
2021-05-31,act,19309,5.31,0,2022-01-28
2021-05-31,qld,84774,1.93,0,2022-01-28
2021-05-31,nsw,156333,2.25,0.04,2022-01-28
2021-05-31,vic,111928,1.96,0.02,2022-01-28
2021-05-31,sa,38828,2.55,0,2022-01-28
2021-05-31,tas,22000,4.72,0,2022-01-28
2021-06-01,act,21153,5.82,0.51,2022-01-28
2021-06-01,qld,92542,2.11,0.18,2022-01-28
2021-06-01,nsw,167075,2.4,0.15,2022-01-28
2021-06-01,vic,117174,2.05,0.09,2022-01-28
2021-06-01,sa,44675,2.93,0.38,2022-01-28
2021-06-01,tas,22598,4.84,0.12,2022-01-28
2021-06-02,act,21153,5.82,0,2022-01-28
2021-06-02,qld,92542,2.11,0,2022-01-28
2021-06-02,nsw,170669,2.45,0.05,2022-01-28
2021-06-02,vic,119343,2.09,0.04,2022-01-28
2021-06-02,sa,44675,2.93,0,2022-01-28
2021-06-02,tas,22598,4.84,0,2022-01-28
2021-06-03,act,21153,5.82,0,2022-01-28
2021-06-03,qld,92542,2.11,0,2022-01-28
2021-06-03,nsw,175030,2.52,0.07,2022-01-28
2021-06-03,vic,120941,2.12,0.03,2022-01-28
2021-06-03,sa,44675,2.93,0,2022-01-28
2021-06-03,tas,22598,4.84,0,2022-01-28
2021-06-04,act,21153,5.82,0,2022-01-28
2021-06-04,qld,92542,2.11,0,2022-01-28
2021-06-04,nsw,179477,2.58,0.06,2022-01-28
2021-06-04,vic,123421,2.16,0.04,2022-01-28
2021-06-04,sa,44675,2.93,0,2022-01-28
2021-06-04,tas,22598,4.84,0,2022-01-28
2021-06-05,act,21153,5.82,0,2022-01-28
2021-06-05,qld,92542,2.11,0,2022-01-28
2021-06-05,nsw,180397,2.59,0.01,2022-01-28
2021-06-05,vic,126175,2.21,0.05,2022-01-28
2021-06-05,sa,44675,2.93,0,2022-01-28
2021-06-05,tas,22598,4.84,0,2022-01-28
2021-06-06,act,21153,5.82,0,2022-01-28
2021-06-06,qld,92542,2.11,0,2022-01-28
2021-06-06,nsw,180397,2.59,0,2022-01-28
2021-06-06,vic,129280,2.26,0.05,2022-01-28
2021-06-06,sa,44675,2.93,0,2022-01-28
2021-06-06,tas,22598,4.84,0,2022-01-28
2021-06-07,act,25439,6.99,1.17,2022-01-28
2021-06-07,qld,105173,2.4,0.29,2022-01-28
2021-06-07,nsw,204595,2.94,0.35,2022-01-28
2021-06-07,vic,135645,2.37,0.11,2022-01-28
2021-06-07,sa,52740,3.46,0.53,2022-01-28
2021-06-07,tas,25637,5.5,0.66,2022-01-28
2021-06-08,act,25439,6.99,0,2022-01-28
2021-06-08,qld,105173,2.4,0,2022-01-28
2021-06-08,nsw,213686,3.07,0.13,2022-01-28
2021-06-08,vic,138213,2.42,0.05,2022-01-28
2021-06-08,sa,52740,3.46,0,2022-01-28
2021-06-08,tas,25637,5.5,0,2022-01-28
2021-06-09,act,25439,6.99,0,2022-01-28
2021-06-09,qld,105173,2.4,0,2022-01-28
2021-06-09,nsw,213686,3.07,0,2022-01-28
2021-06-09,vic,142426,2.49,0.07,2022-01-28
2021-06-09,sa,52740,3.46,0,2022-01-28
2021-06-09,tas,25637,5.5,0,2022-01-28
2021-06-10,act,25439,6.99,0,2022-01-28
2021-06-10,qld,105173,2.4,0,2022-01-28
2021-06-10,nsw,222807,3.2,0.13,2022-01-28
2021-06-10,vic,142426,2.49,0,2022-01-28
2021-06-10,sa,52740,3.46,0,2022-01-28
2021-06-10,tas,25637,5.5,0,2022-01-28
2021-06-11,act,25439,6.99,0,2022-01-28
2021-06-11,qld,105173,2.4,0,2022-01-28
2021-06-11,nsw,232335,3.34,0.14,2022-01-28
2021-06-11,vic,146749,2.57,0.08,2022-01-28
2021-06-11,sa,52740,3.46,0,2022-01-28
2021-06-11,tas,25637,5.5,0,2022-01-28
2021-06-12,act,25439,6.99,0,2022-01-28
2021-06-12,qld,105173,2.4,0,2022-01-28
2021-06-12,nsw,237250,3.41,0.07,2022-01-28
2021-06-12,vic,148111,2.59,0.02,2022-01-28
2021-06-12,sa,52740,3.46,0,2022-01-28
2021-06-12,tas,25637,5.5,0,2022-01-28
2021-06-13,act,25439,6.99,0,2022-01-28
2021-06-13,qld,105173,2.4,0,2022-01-28
2021-06-13,nsw,237250,3.41,0,2022-01-28
2021-06-13,vic,149300,2.61,0.02,2022-01-28
2021-06-13,sa,52740,3.46,0,2022-01-28
2021-06-13,tas,25637,5.5,0,2022-01-28
2021-06-14,act,25439,6.99,0,2022-01-28
2021-06-14,qld,105173,2.4,0,2022-01-28
2021-06-14,nsw,237250,3.41,0,2022-01-28
2021-06-14,vic,150573,2.63,0.02,2022-01-28
2021-06-14,sa,52740,3.46,0,2022-01-28
2021-06-14,tas,25637,5.5,0,2022-01-28
2021-06-15,act,28967,7.96,0.97,2022-01-28
2021-06-15,qld,128324,2.93,0.53,2022-01-28
2021-06-15,nsw,259437,3.73,0.32,2022-01-28
2021-06-15,vic,165724,2.9,0.27,2022-01-28
2021-06-15,sa,61844,4.06,0.6,2022-01-28
2021-06-15,tas,27397,5.87,0.37,2022-01-28
2021-06-16,act,28967,7.96,0,2022-01-28
2021-06-16,qld,128324,2.93,0,2022-01-28
2021-06-16,nsw,269824,3.88,0.15,2022-01-28
2021-06-16,vic,172244,3.01,0.11,2022-01-28
2021-06-16,sa,61844,4.06,0,2022-01-28
2021-06-16,tas,27397,5.87,0,2022-01-28
2021-06-17,act,28967,7.96,0,2022-01-28
2021-06-17,qld,128324,2.93,0,2022-01-28
2021-06-17,nsw,279418,4.02,0.14,2022-01-28
2021-06-17,vic,179270,3.14,0.13,2022-01-28
2021-06-17,sa,61844,4.06,0,2022-01-28
2021-06-17,tas,27397,5.87,0,2022-01-28
2021-06-18,act,28967,7.96,0,2022-01-28
2021-06-18,qld,128324,2.93,0,2022-01-28
2021-06-18,nsw,289941,4.17,0.15,2022-01-28
2021-06-18,vic,188061,3.29,0.15,2022-01-28
2021-06-18,sa,61844,4.06,0,2022-01-28
2021-06-18,tas,27397,5.87,0,2022-01-28
2021-06-19,act,28967,7.96,0,2022-01-28
2021-06-19,qld,128324,2.93,0,2022-01-28
2021-06-19,nsw,294965,4.24,0.07,2022-01-28
2021-06-19,vic,193338,3.38,0.09,2022-01-28
2021-06-19,sa,61844,4.06,0,2022-01-28
2021-06-19,tas,27397,5.87,0,2022-01-28
2021-06-20,act,28967,7.96,0,2022-01-28
2021-06-20,qld,128324,2.93,0,2022-01-28
2021-06-20,nsw,294981,4.24,0,2022-01-28
2021-06-20,vic,199051,3.48,0.1,2022-01-28
2021-06-20,sa,61844,4.06,0,2022-01-28
2021-06-20,tas,27397,5.87,0,2022-01-28
2021-06-21,act,35790,9.84,1.88,2022-01-28
2021-06-21,qld,188420,4.3,1.37,2022-01-28
2021-06-21,nsw,357767,5.14,0.9,2022-01-28
2021-06-21,vic,256069,4.48,1,2022-01-28
2021-06-21,sa,79600,5.23,1.17,2022-01-28
2021-06-21,tas,40728,8.73,2.86,2022-01-28
2021-06-22,act,35790,9.84,0,2022-01-28
2021-06-22,qld,188420,4.3,0,2022-01-28
2021-06-22,nsw,366660,5.27,0.13,2022-01-28
2021-06-22,vic,270392,4.73,0.25,2022-01-28
2021-06-22,sa,79600,5.23,0,2022-01-28
2021-06-22,tas,40728,8.73,0,2022-01-28
2021-06-23,act,35790,9.84,0,2022-01-28
2021-06-23,qld,188420,4.3,0,2022-01-28
2021-06-23,nsw,376276,5.41,0.14,2022-01-28
2021-06-23,vic,270392,4.73,0,2022-01-28
2021-06-23,sa,79600,5.23,0,2022-01-28
2021-06-23,tas,40728,8.73,0,2022-01-28
2021-06-24,act,35790,9.84,0,2022-01-28
2021-06-24,qld,188420,4.3,0,2022-01-28
2021-06-24,nsw,385092,5.54,0.13,2022-01-28
2021-06-24,vic,294056,5.14,0.41,2022-01-28
2021-06-24,sa,79600,5.23,0,2022-01-28
2021-06-24,tas,40728,8.73,0,2022-01-28
2021-06-25,act,35790,9.84,0,2022-01-28
2021-06-25,qld,188420,4.3,0,2022-01-28
2021-06-25,nsw,392527,5.64,0.1,2022-01-28
2021-06-25,vic,309058,5.41,0.27,2022-01-28
2021-06-25,sa,79600,5.23,0,2022-01-28
2021-06-25,tas,40728,8.73,0,2022-01-28
2021-06-26,act,35790,9.84,0,2022-01-28
2021-06-26,qld,188420,4.3,0,2022-01-28
2021-06-26,nsw,396246,5.7,0.06,2022-01-28
2021-06-26,vic,317413,5.55,0.14,2022-01-28
2021-06-26,sa,79600,5.23,0,2022-01-28
2021-06-26,tas,40728,8.73,0,2022-01-28
2021-06-27,act,35790,9.84,0,2022-01-28
2021-06-27,qld,188420,4.3,0,2022-01-28
2021-06-27,nsw,396652,5.7,0,2022-01-28
2021-06-27,vic,325615,5.7,0.15,2022-01-28
2021-06-27,sa,79600,5.23,0,2022-01-28
2021-06-27,tas,40728,8.73,0,2022-01-28
2021-06-28,act,42467,11.68,1.84,2022-01-28
2021-06-28,qld,273359,6.24,1.94,2022-01-28
2021-06-28,nsw,463624,6.67,0.97,2022-01-28
2021-06-28,vic,382741,6.7,1,2022-01-28
2021-06-28,sa,103356,6.79,1.56,2022-01-28
2021-06-28,tas,50642,10.86,2.13,2022-01-28
2021-06-29,act,42467,11.68,0,2022-01-28
2021-06-29,qld,273359,6.24,0,2022-01-28
2021-06-29,nsw,471176,6.77,0.1,2022-01-28
2021-06-29,vic,394855,6.91,0.21,2022-01-28
2021-06-29,sa,103356,6.79,0,2022-01-28
2021-06-29,tas,50642,10.86,0,2022-01-28
2021-06-30,act,42467,11.68,0,2022-01-28
2021-06-30,qld,273359,6.24,0,2022-01-28
2021-06-30,nsw,471176,6.77,0,2022-01-28
2021-06-30,vic,409081,7.16,0.25,2022-01-28
2021-06-30,sa,103356,6.79,0,2022-01-28
2021-06-30,tas,50642,10.86,0,2022-01-28
2021-07-01,act,47464,13.05,1.37,2022-01-28
2021-07-01,qld,331806,7.57,1.33,2022-01-28
2021-07-01,nsw,534493,7.68,0.91,2022-01-28
2021-07-01,vic,457280,8,0.84,2022-01-28
2021-07-01,sa,119739,7.86,1.07,2022-01-28
2021-07-01,tas,56124,12.03,1.17,2022-01-28
2021-07-02,act,49843,13.7,0.65,2022-01-28
2021-07-02,qld,350877,8.01,0.44,2022-01-28
2021-07-02,nsw,554057,7.97,0.29,2022-01-28
2021-07-02,vic,482714,8.44,0.44,2022-01-28
2021-07-02,sa,125870,8.26,0.4,2022-01-28
2021-07-02,tas,58183,12.47,0.44,2022-01-28
2021-07-03,act,50219,13.81,0.11,2022-01-28
2021-07-03,qld,363682,8.3,0.29,2022-01-28
2021-07-03,nsw,564930,8.12,0.15,2022-01-28
2021-07-03,vic,498229,8.72,0.28,2022-01-28
2021-07-03,sa,128817,8.46,0.2,2022-01-28
2021-07-03,tas,59520,12.76,0.29,2022-01-28
2021-07-04,act,50816,13.97,0.16,2022-01-28
2021-07-04,qld,369481,8.43,0.13,2022-01-28
2021-07-04,nsw,567316,8.16,0.04,2022-01-28
2021-07-04,vic,507228,8.87,0.15,2022-01-28
2021-07-04,sa,130566,8.57,0.11,2022-01-28
2021-07-04,tas,59760,12.81,0.05,2022-01-28
2021-07-05,act,53654,14.75,0.78,2022-01-28
2021-07-05,qld,379607,8.66,0.23,2022-01-28
2021-07-05,nsw,586674,8.43,0.27,2022-01-28
2021-07-05,vic,528070,9.24,0.37,2022-01-28
2021-07-05,sa,135215,8.88,0.31,2022-01-28
2021-07-05,tas,62548,13.41,0.6,2022-01-28
2021-07-06,act,54496,14.98,0.23,2022-01-28
2021-07-06,qld,397278,9.06,0.4,2022-01-28
2021-07-06,nsw,609108,8.76,0.33,2022-01-28
2021-07-06,vic,554313,9.7,0.46,2022-01-28
2021-07-06,sa,140508,9.22,0.34,2022-01-28
2021-07-06,tas,63420,13.6,0.19,2022-01-28
2021-07-07,act,55752,15.33,0.35,2022-01-28
2021-07-07,qld,417238,9.52,0.46,2022-01-28
2021-07-07,nsw,629961,9.06,0.3,2022-01-28
2021-07-07,vic,573622,10.04,0.34,2022-01-28
2021-07-07,sa,147131,9.66,0.44,2022-01-28
2021-07-07,tas,64255,13.77,0.17,2022-01-28
2021-07-08,act,56751,15.6,0.27,2022-01-28
2021-07-08,qld,437988,9.99,0.47,2022-01-28
2021-07-08,nsw,651446,9.37,0.31,2022-01-28
2021-07-08,vic,596746,10.44,0.4,2022-01-28
2021-07-08,sa,153431,10.07,0.41,2022-01-28
2021-07-08,tas,65660,14.08,0.31,2022-01-28
2021-07-09,act,58429,16.06,0.46,2022-01-28
2021-07-09,qld,455681,10.4,0.41,2022-01-28
2021-07-09,nsw,671858,9.66,0.29,2022-01-28
2021-07-09,vic,618399,10.82,0.38,2022-01-28
2021-07-09,sa,159279,10.46,0.39,2022-01-28
2021-07-09,tas,66500,14.26,0.18,2022-01-28
2021-07-10,act,58931,16.2,0.14,2022-01-28
2021-07-10,qld,467536,10.67,0.27,2022-01-28
2021-07-10,nsw,683667,9.83,0.17,2022-01-28
2021-07-10,vic,630774,11.03,0.21,2022-01-28
2021-07-10,sa,162764,10.69,0.23,2022-01-28
2021-07-10,tas,71700,15.37,1.11,2022-01-28
2021-07-11,act,59392,16.33,0.13,2022-01-28
2021-07-11,qld,473868,10.81,0.14,2022-01-28
2021-07-11,nsw,686408,9.87,0.04,2022-01-28
2021-07-11,vic,638454,11.17,0.14,2022-01-28
2021-07-11,sa,165105,10.84,0.15,2022-01-28
2021-07-11,tas,72150,15.47,0.1,2022-01-28
2021-07-12,act,62082,17.07,0.74,2022-01-28
2021-07-12,qld,485285,11.07,0.26,2022-01-28
2021-07-12,nsw,710714,10.22,0.35,2022-01-28
2021-07-12,vic,660399,11.55,0.38,2022-01-28
2021-07-12,sa,170613,11.2,0.36,2022-01-28
2021-07-12,tas,74120,15.89,0.42,2022-01-28
2021-07-13,act,63580,17.48,0.41,2022-01-28
2021-07-13,qld,503562,11.49,0.42,2022-01-28
2021-07-13,nsw,741075,10.65,0.43,2022-01-28
2021-07-13,vic,681030,11.91,0.36,2022-01-28
2021-07-13,sa,176598,11.59,0.39,2022-01-28
2021-07-13,tas,75898,16.27,0.38,2022-01-28
2021-07-14,act,64995,17.87,0.39,2022-01-28
2021-07-14,qld,523333,11.94,0.45,2022-01-28
2021-07-14,nsw,769552,11.06,0.41,2022-01-28
2021-07-14,vic,703352,12.3,0.39,2022-01-28
2021-07-14,sa,183279,12.03,0.44,2022-01-28
2021-07-14,tas,77905,16.7,0.43,2022-01-28
2021-07-15,act,65961,18.13,0.26,2022-01-28
2021-07-15,qld,544039,12.41,0.47,2022-01-28
2021-07-15,nsw,801520,11.52,0.46,2022-01-28
2021-07-15,vic,724373,12.67,0.37,2022-01-28
2021-07-15,sa,189823,12.46,0.43,2022-01-28
2021-07-15,tas,79325,17.01,0.31,2022-01-28
2021-07-16,act,67331,18.51,0.38,2022-01-28
2021-07-16,qld,561139,12.8,0.39,2022-01-28
2021-07-16,nsw,830856,11.94,0.42,2022-01-28
2021-07-16,vic,745336,13.04,0.37,2022-01-28
2021-07-16,sa,196098,12.87,0.41,2022-01-28
2021-07-16,tas,81062,17.38,0.37,2022-01-28
2021-07-17,act,68133,18.73,0.22,2022-01-28
2021-07-17,qld,573150,13.08,0.28,2022-01-28
2021-07-17,nsw,846261,12.17,0.23,2022-01-28
2021-07-17,vic,757033,13.24,0.2,2022-01-28
2021-07-17,sa,199125,13.07,0.2,2022-01-28
2021-07-17,tas,81899,17.56,0.18,2022-01-28
2021-07-18,act,68264,18.77,0.04,2022-01-28
2021-07-18,qld,578917,13.21,0.13,2022-01-28
2021-07-18,nsw,854625,12.29,0.12,2022-01-28
2021-07-18,vic,763682,13.36,0.12,2022-01-28
2021-07-18,sa,201555,13.23,0.16,2022-01-28
2021-07-18,tas,82021,17.58,0.02,2022-01-28
2021-07-19,act,74460,20.47,1.7,2022-01-28
2021-07-19,qld,587289,13.4,0.19,2022-01-28
2021-07-19,nsw,882844,12.69,0.4,2022-01-28
2021-07-19,vic,784330,13.72,0.36,2022-01-28
2021-07-19,sa,206339,13.55,0.32,2022-01-28
2021-07-19,tas,84930,18.21,0.63,2022-01-28
2021-07-20,act,75941,20.88,0.41,2022-01-28
2021-07-20,qld,604283,13.79,0.39,2022-01-28
2021-07-20,nsw,912940,13.12,0.43,2022-01-28
2021-07-20,vic,806196,14.1,0.38,2022-01-28
2021-07-20,sa,212151,13.93,0.38,2022-01-28
2021-07-20,tas,86660,18.58,0.37,2022-01-28
2021-07-21,act,76715,21.09,0.21,2022-01-28
2021-07-21,qld,622279,14.2,0.41,2022-01-28
2021-07-21,nsw,948667,13.64,0.52,2022-01-28
2021-07-21,vic,826760,14.46,0.36,2022-01-28
2021-07-21,sa,219624,14.42,0.49,2022-01-28
2021-07-21,tas,88949,19.07,0.49,2022-01-28
2021-07-22,act,79250,21.79,0.7,2022-01-28
2021-07-22,qld,640202,14.61,0.41,2022-01-28
2021-07-22,nsw,982170,14.12,0.48,2022-01-28
2021-07-22,vic,847974,14.83,0.37,2022-01-28
2021-07-22,sa,226395,14.86,0.44,2022-01-28
2021-07-22,tas,90571,19.42,0.35,2022-01-28
2021-07-23,act,80144,22.03,0.24,2022-01-28
2021-07-23,qld,657252,15,0.39,2022-01-28
2021-07-23,nsw,1012939,14.56,0.44,2022-01-28
2021-07-23,vic,871704,15.25,0.42,2022-01-28
2021-07-23,sa,232729,15.28,0.42,2022-01-28
2021-07-23,tas,92327,19.79,0.37,2022-01-28
2021-07-24,act,80691,22.18,0.15,2022-01-28
2021-07-24,qld,667000,15.22,0.22,2022-01-28
2021-07-24,nsw,1034280,14.87,0.31,2022-01-28
2021-07-24,vic,886208,15.5,0.25,2022-01-28
2021-07-24,sa,236133,15.5,0.22,2022-01-28
2021-07-24,tas,93061,19.95,0.16,2022-01-28
2021-07-25,act,80804,22.22,0.04,2022-01-28
2021-07-25,qld,673160,15.36,0.14,2022-01-28
2021-07-25,nsw,1045515,15.03,0.16,2022-01-28
2021-07-25,vic,893448,15.63,0.13,2022-01-28
2021-07-25,sa,238864,15.68,0.18,2022-01-28
2021-07-25,tas,93184,19.98,0.03,2022-01-28
2021-07-26,act,87180,23.97,1.75,2022-01-28
2021-07-26,qld,681859,15.56,0.2,2022-01-28
2021-07-26,nsw,1071895,15.41,0.38,2022-01-28
2021-07-26,vic,918338,16.07,0.44,2022-01-28
2021-07-26,sa,244916,16.08,0.4,2022-01-28
2021-07-26,tas,96413,20.67,0.69,2022-01-28
2021-07-27,act,88956,24.46,0.49,2022-01-28
2021-07-27,qld,700095,15.97,0.41,2022-01-28
2021-07-27,nsw,1108405,15.93,0.52,2022-01-28
2021-07-27,vic,939923,16.44,0.37,2022-01-28
2021-07-27,sa,251683,16.52,0.44,2022-01-28
2021-07-27,tas,98525,21.12,0.45,2022-01-28
2021-07-28,act,73361,20.17,-4.29,2022-01-28
2021-07-28,qld,703491,16.05,0.08,2022-01-28
2021-07-28,nsw,1156321,16.62,0.69,2022-01-28
2021-07-28,vic,973629,17.03,0.59,2022-01-28
2021-07-28,sa,258706,16.98,0.46,2022-01-28
2021-07-28,tas,101319,21.72,0.6,2022-01-28
2021-07-29,act,74508,20.48,0.31,2022-01-28
2021-07-29,qld,724757,16.54,0.49,2022-01-28
2021-07-29,nsw,1190942,17.12,0.5,2022-01-28
2021-07-29,vic,999343,17.48,0.45,2022-01-28
2021-07-29,sa,266357,17.49,0.51,2022-01-28
2021-07-29,tas,103595,22.21,0.49,2022-01-28
2021-07-30,act,76910,21.14,0.66,2022-01-28
2021-07-30,qld,743107,16.95,0.41,2022-01-28
2021-07-30,nsw,1228845,17.67,0.55,2022-01-28
2021-07-30,vic,1023953,17.91,0.43,2022-01-28
2021-07-30,sa,272953,17.92,0.43,2022-01-28
2021-07-30,tas,105990,22.72,0.51,2022-01-28
2021-07-31,act,78713,21.64,0.5,2022-01-28
2021-07-31,qld,753447,17.19,0.24,2022-01-28
2021-07-31,nsw,1252304,18,0.33,2022-01-28
2021-07-31,vic,1038227,18.16,0.25,2022-01-28
2021-07-31,sa,275925,18.12,0.2,2022-01-28
2021-07-31,tas,107465,23.04,0.32,2022-01-28
2021-08-01,act,79341,21.81,0.17,2022-01-28
2021-08-01,qld,759788,17.34,0.15,2022-01-28
2021-08-01,nsw,1265839,18.2,0.2,2022-01-28
2021-08-01,vic,1047221,18.32,0.16,2022-01-28
2021-08-01,sa,278157,18.26,0.14,2022-01-28
2021-08-01,tas,108539,23.27,0.23,2022-01-28
2021-08-02,act,82284,22.62,0.81,2022-01-28
2021-08-02,qld,773840,17.66,0.32,2022-01-28
2021-08-02,nsw,1300394,18.69,0.49,2022-01-28
2021-08-02,vic,1073291,18.78,0.46,2022-01-28
2021-08-02,sa,284507,18.68,0.42,2022-01-28
2021-08-02,tas,110385,23.66,0.39,2022-01-28
2021-08-03,act,84043,23.11,0.49,2022-01-28
2021-08-03,qld,795568,18.15,0.49,2022-01-28
2021-08-03,nsw,1342211,19.3,0.61,2022-01-28
2021-08-03,vic,1097386,19.2,0.42,2022-01-28
2021-08-03,sa,291436,19.13,0.45,2022-01-28
2021-08-03,tas,113118,24.25,0.59,2022-01-28
2021-08-04,act,85228,23.43,0.32,2022-01-28
2021-08-04,qld,820439,18.72,0.57,2022-01-28
2021-08-04,nsw,1381481,19.86,0.56,2022-01-28
2021-08-04,vic,1124519,19.67,0.47,2022-01-28
2021-08-04,sa,299590,19.67,0.54,2022-01-28
2021-08-04,tas,115541,24.77,0.52,2022-01-28
2021-08-05,act,86247,23.71,0.28,2022-01-28
2021-08-05,qld,845211,19.28,0.56,2022-01-28
2021-08-05,nsw,1423185,20.46,0.6,2022-01-28
2021-08-05,vic,1152530,20.16,0.49,2022-01-28
2021-08-05,sa,307094,20.16,0.49,2022-01-28
2021-08-05,tas,117799,25.25,0.48,2022-01-28
2021-08-06,act,88212,24.25,0.54,2022-01-28
2021-08-06,qld,868777,19.82,0.54,2022-01-28
2021-08-06,nsw,1463495,21.04,0.58,2022-01-28
2021-08-06,vic,1182570,20.69,0.53,2022-01-28
2021-08-06,sa,314398,20.64,0.48,2022-01-28
2021-08-06,tas,119730,25.67,0.42,2022-01-28
2021-08-07,act,89739,24.67,0.42,2022-01-28
2021-08-07,qld,880512,20.09,0.27,2022-01-28
2021-08-07,nsw,1501249,21.58,0.54,2022-01-28
2021-08-07,vic,1201714,21.02,0.33,2022-01-28
2021-08-07,sa,318824,20.93,0.29,2022-01-28
2021-08-07,tas,121799,26.11,0.44,2022-01-28
2021-08-08,act,90765,24.95,0.28,2022-01-28
2021-08-08,qld,887301,20.24,0.15,2022-01-28
2021-08-08,nsw,1510648,21.72,0.14,2022-01-28
2021-08-08,vic,1215296,21.26,0.24,2022-01-28
2021-08-08,sa,321501,21.11,0.18,2022-01-28
2021-08-08,tas,123114,26.39,0.28,2022-01-28
2021-08-09,act,93380,25.67,0.72,2022-01-28
2021-08-09,qld,902692,20.6,0.36,2022-01-28
2021-08-09,nsw,1548545,22.26,0.54,2022-01-28
2021-08-09,vic,1245389,21.79,0.53,2022-01-28
2021-08-09,sa,328327,21.56,0.45,2022-01-28
2021-08-09,tas,126053,27.02,0.63,2022-01-28
2021-08-10,act,94513,25.98,0.31,2022-01-28
2021-08-10,qld,925847,21.12,0.52,2022-01-28
2021-08-10,nsw,1599438,22.99,0.73,2022-01-28
2021-08-10,vic,1275621,22.32,0.53,2022-01-28
2021-08-10,sa,336885,22.12,0.56,2022-01-28
2021-08-10,tas,129269,27.71,0.69,2022-01-28
2021-08-11,act,97035,26.68,0.7,2022-01-28
2021-08-11,qld,948910,21.65,0.53,2022-01-28
2021-08-11,nsw,1645077,23.65,0.66,2022-01-28
2021-08-11,vic,1308532,22.89,0.57,2022-01-28
2021-08-11,sa,345814,22.7,0.58,2022-01-28
2021-08-11,tas,132309,28.36,0.65,2022-01-28
2021-08-12,act,98445,27.07,0.39,2022-01-28
2021-08-12,qld,972990,22.2,0.55,2022-01-28
2021-08-12,nsw,1693577,24.35,0.7,2022-01-28
2021-08-12,vic,1340713,23.45,0.56,2022-01-28
2021-08-12,sa,355629,23.35,0.65,2022-01-28
2021-08-12,tas,136373,29.23,0.87,2022-01-28
2021-08-13,act,103014,28.32,1.25,2022-01-28
2021-08-13,qld,996536,22.74,0.54,2022-01-28
2021-08-13,nsw,1742669,25.05,0.7,2022-01-28
2021-08-13,vic,1375135,24.06,0.61,2022-01-28
2021-08-13,sa,364126,23.91,0.56,2022-01-28
2021-08-13,tas,139298,29.86,0.63,2022-01-28
2021-08-14,act,104279,28.67,0.35,2022-01-28
2021-08-14,qld,1010014,23.04,0.3,2022-01-28
2021-08-14,nsw,1767176,25.41,0.36,2022-01-28
2021-08-14,vic,1397397,24.45,0.39,2022-01-28
2021-08-14,sa,368567,24.2,0.29,2022-01-28
2021-08-14,tas,142028,30.45,0.59,2022-01-28
2021-08-15,act,104819,28.82,0.15,2022-01-28
2021-08-15,qld,1016058,23.18,0.14,2022-01-28
2021-08-15,nsw,1781578,25.61,0.2,2022-01-28
2021-08-15,vic,1402833,24.54,0.09,2022-01-28
2021-08-15,sa,371099,24.36,0.16,2022-01-28
2021-08-15,tas,143169,30.69,0.24,2022-01-28
2021-08-16,act,107593,29.58,0.76,2022-01-28
2021-08-16,qld,1035432,23.62,0.44,2022-01-28
2021-08-16,nsw,1826165,26.25,0.64,2022-01-28
2021-08-16,vic,1442497,25.24,0.7,2022-01-28
2021-08-16,sa,379539,24.92,0.56,2022-01-28
2021-08-16,tas,145662,31.23,0.54,2022-01-28
2021-08-17,act,110697,30.43,0.85,2022-01-28
2021-08-17,qld,1057330,24.12,0.5,2022-01-28
2021-08-17,nsw,1871458,26.9,0.65,2022-01-28
2021-08-17,vic,1475180,25.81,0.57,2022-01-28
2021-08-17,sa,388472,25.5,0.58,2022-01-28
2021-08-17,tas,148716,31.88,0.65,2022-01-28
2021-08-18,act,112125,30.83,0.4,2022-01-28
2021-08-18,qld,1081599,24.68,0.56,2022-01-28
2021-08-18,nsw,1924839,27.67,0.77,2022-01-28
2021-08-18,vic,1512114,26.45,0.64,2022-01-28
2021-08-18,sa,398074,26.13,0.63,2022-01-28
2021-08-18,tas,151592,32.5,0.62,2022-01-28
2021-08-19,act,117405,32.28,1.45,2022-01-28
2021-08-19,qld,1103840,25.19,0.51,2022-01-28
2021-08-19,nsw,1973224,28.37,0.7,2022-01-28
2021-08-19,vic,1549472,27.11,0.66,2022-01-28
2021-08-19,sa,407529,26.76,0.63,2022-01-28
2021-08-19,tas,155575,33.35,0.85,2022-01-28
2021-08-20,act,122835,33.77,1.49,2022-01-28
2021-08-20,qld,1126894,25.71,0.52,2022-01-28
2021-08-20,nsw,2022928,29.08,0.71,2022-01-28
2021-08-20,vic,1588286,27.79,0.68,2022-01-28
2021-08-20,sa,417196,27.39,0.63,2022-01-28
2021-08-20,tas,158359,33.95,0.6,2022-01-28
2021-08-21,act,123827,34.04,0.27,2022-01-28
2021-08-21,qld,1138868,25.98,0.27,2022-01-28
2021-08-21,nsw,2052364,29.51,0.43,2022-01-28
2021-08-21,vic,1614057,28.24,0.45,2022-01-28
2021-08-21,sa,422198,27.72,0.33,2022-01-28
2021-08-21,tas,161237,34.56,0.61,2022-01-28
2021-08-22,act,124694,34.28,0.24,2022-01-28
2021-08-22,qld,1146232,26.15,0.17,2022-01-28
2021-08-22,nsw,2066915,29.71,0.2,2022-01-28
2021-08-22,vic,1629776,28.51,0.27,2022-01-28
2021-08-22,sa,424678,27.88,0.16,2022-01-28
2021-08-22,tas,162478,34.83,0.27,2022-01-28
2021-08-23,act,129260,35.54,1.26,2022-01-28
2021-08-23,qld,1163606,26.55,0.4,2022-01-28
2021-08-23,nsw,2112611,30.37,0.66,2022-01-28
2021-08-23,vic,1664243,29.11,0.6,2022-01-28
2021-08-23,sa,433583,28.47,0.59,2022-01-28
2021-08-23,tas,165228,35.42,0.59,2022-01-28
2021-08-24,act,130437,35.86,0.32,2022-01-28
2021-08-24,qld,1186472,27.07,0.52,2022-01-28
2021-08-24,nsw,2163192,31.1,0.73,2022-01-28
2021-08-24,vic,1700432,29.75,0.64,2022-01-28
2021-08-24,sa,443304,29.1,0.63,2022-01-28
2021-08-24,tas,167989,36.01,0.59,2022-01-28
2021-08-25,act,133495,36.7,0.84,2022-01-28
2021-08-25,qld,1212977,27.68,0.61,2022-01-28
2021-08-25,nsw,2218458,31.89,0.79,2022-01-28
2021-08-25,vic,1738327,30.41,0.66,2022-01-28
2021-08-25,sa,454238,29.82,0.72,2022-01-28
2021-08-25,tas,171577,36.78,0.77,2022-01-28
2021-08-26,act,137456,37.79,1.09,2022-01-28
2021-08-26,qld,1240365,28.3,0.62,2022-01-28
2021-08-26,nsw,2273984,32.69,0.8,2022-01-28
2021-08-26,vic,1768264,30.93,0.52,2022-01-28
2021-08-26,sa,464538,30.5,0.68,2022-01-28
2021-08-26,tas,175563,37.64,0.86,2022-01-28
2021-08-27,act,139112,38.25,0.46,2022-01-28
2021-08-27,qld,1264175,28.84,0.54,2022-01-28
2021-08-27,nsw,2326130,33.44,0.75,2022-01-28
2021-08-27,vic,1802476,31.53,0.6,2022-01-28
2021-08-27,sa,474737,31.17,0.67,2022-01-28
2021-08-27,tas,178806,38.33,0.69,2022-01-28
2021-08-28,act,139929,38.47,0.22,2022-01-28
2021-08-28,qld,1278711,29.18,0.34,2022-01-28
2021-08-28,nsw,2353563,33.84,0.4,2022-01-28
2021-08-28,vic,1835226,32.11,0.58,2022-01-28
2021-08-28,sa,480571,31.55,0.38,2022-01-28
2021-08-28,tas,181777,38.97,0.64,2022-01-28
2021-08-29,act,140871,38.73,0.26,2022-01-28
2021-08-29,qld,1286498,29.35,0.17,2022-01-28
2021-08-29,nsw,2372417,34.11,0.27,2022-01-28
2021-08-29,vic,1848844,32.34,0.23,2022-01-28
2021-08-29,sa,484125,31.78,0.23,2022-01-28
2021-08-29,tas,182649,39.15,0.18,2022-01-28
2021-08-30,act,142253,39.11,0.38,2022-01-28
2021-08-30,qld,1303918,29.75,0.4,2022-01-28
2021-08-30,nsw,2433592,34.99,0.88,2022-01-28
2021-08-30,vic,1873762,32.78,0.44,2022-01-28
2021-08-30,sa,492748,32.35,0.57,2022-01-28
2021-08-30,tas,185145,39.69,0.54,2022-01-28
2021-08-31,act,147551,40.57,1.46,2022-01-28
2021-08-31,qld,1327631,30.29,0.54,2022-01-28
2021-08-31,nsw,2484199,35.71,0.72,2022-01-28
2021-08-31,vic,1913967,33.48,0.7,2022-01-28
2021-08-31,sa,502057,32.96,0.61,2022-01-28
2021-08-31,tas,189026,40.52,0.83,2022-01-28
2021-09-01,act,150907,41.49,0.92,2022-01-28
2021-09-01,qld,1353061,30.87,0.58,2022-01-28
2021-09-01,nsw,2539287,36.51,0.8,2022-01-28
2021-09-01,vic,1947124,34.06,0.58,2022-01-28
2021-09-01,sa,511159,33.56,0.6,2022-01-28
2021-09-01,tas,192256,41.21,0.69,2022-01-28
2021-09-02,act,153262,42.14,0.65,2022-01-28
2021-09-02,qld,1379894,31.48,0.61,2022-01-28
2021-09-02,nsw,2590966,37.25,0.74,2022-01-28
2021-09-02,vic,1979840,34.64,0.58,2022-01-28
2021-09-02,sa,521139,34.21,0.65,2022-01-28
2021-09-02,tas,195110,41.83,0.62,2022-01-28
2021-09-03,act,155901,42.86,0.72,2022-01-28
2021-09-03,qld,1404052,32.04,0.56,2022-01-28
2021-09-03,nsw,2644865,38.02,0.77,2022-01-28
2021-09-03,vic,2013194,35.22,0.58,2022-01-28
2021-09-03,sa,530388,34.82,0.61,2022-01-28
2021-09-03,tas,197723,42.39,0.56,2022-01-28
2021-09-04,act,157819,43.39,0.53,2022-01-28
2021-09-04,qld,1419178,32.38,0.34,2022-01-28
2021-09-04,nsw,2678906,38.51,0.49,2022-01-28
2021-09-04,vic,2033306,35.57,0.35,2022-01-28
2021-09-04,sa,534320,35.08,0.26,2022-01-28
2021-09-04,tas,199599,42.79,0.4,2022-01-28
2021-09-05,act,159406,43.83,0.44,2022-01-28
2021-09-05,qld,1429206,32.61,0.23,2022-01-28
2021-09-05,nsw,2692904,38.71,0.2,2022-01-28
2021-09-05,vic,2043711,35.75,0.18,2022-01-28
2021-09-05,sa,536937,35.25,0.17,2022-01-28
2021-09-05,tas,200952,43.08,0.29,2022-01-28
2021-09-06,act,161561,44.42,0.59,2022-01-28
2021-09-06,qld,1448334,33.05,0.44,2022-01-28
2021-09-06,nsw,2743498,39.44,0.73,2022-01-28
2021-09-06,vic,2070979,36.23,0.48,2022-01-28
2021-09-06,sa,543316,35.67,0.42,2022-01-28
2021-09-06,tas,202714,43.46,0.38,2022-01-28
2021-09-07,act,164796,45.31,0.89,2022-01-28
2021-09-07,qld,1472850,33.6,0.55,2022-01-28
2021-09-07,nsw,2802011,40.28,0.84,2022-01-28
2021-09-07,vic,2100054,36.74,0.51,2022-01-28
2021-09-07,sa,551438,36.2,0.53,2022-01-28
2021-09-07,tas,204332,43.8,0.34,2022-01-28
2021-09-08,act,167412,46.03,0.72,2022-01-28
2021-09-08,qld,1498968,34.2,0.6,2022-01-28
2021-09-08,nsw,2860253,41.12,0.84,2022-01-28
2021-09-08,vic,2129632,37.26,0.52,2022-01-28
2021-09-08,sa,560533,36.8,0.6,2022-01-28
2021-09-08,tas,207265,44.43,0.63,2022-01-28
2021-09-09,act,169867,46.7,0.67,2022-01-28
2021-09-09,qld,1524449,34.78,0.58,2022-01-28
2021-09-09,nsw,2924263,42.04,0.92,2022-01-28
2021-09-09,vic,2160985,37.8,0.54,2022-01-28
2021-09-09,sa,569507,37.39,0.59,2022-01-28
2021-09-09,tas,210307,45.08,0.65,2022-01-28
2021-09-10,act,172327,47.38,0.68,2022-01-28
2021-09-10,qld,1549891,35.36,0.58,2022-01-28
2021-09-10,nsw,2992899,43.03,0.99,2022-01-28
2021-09-10,vic,2187752,38.27,0.47,2022-01-28
2021-09-10,sa,577505,37.92,0.53,2022-01-28
2021-09-10,tas,212135,45.48,0.4,2022-01-28
2021-09-11,act,174745,48.04,0.66,2022-01-28
2021-09-11,qld,1566297,35.74,0.38,2022-01-28
2021-09-11,nsw,3031072,43.58,0.55,2022-01-28
2021-09-11,vic,2204358,38.56,0.29,2022-01-28
2021-09-11,sa,581740,38.19,0.27,2022-01-28
2021-09-11,tas,213699,45.81,0.33,2022-01-28
2021-09-12,act,176741,48.59,0.55,2022-01-28
2021-09-12,qld,1576201,35.96,0.22,2022-01-28
2021-09-12,nsw,3051925,43.87,0.29,2022-01-28
2021-09-12,vic,2214626,38.74,0.18,2022-01-28
2021-09-12,sa,584790,38.39,0.2,2022-01-28
2021-09-12,tas,213771,45.83,0.02,2022-01-28
2021-09-13,act,179384,49.32,0.73,2022-01-28
2021-09-13,qld,1596205,36.42,0.46,2022-01-28
2021-09-13,nsw,3123699,44.91,1.04,2022-01-28
2021-09-13,vic,2241494,39.21,0.47,2022-01-28
2021-09-13,sa,593424,38.96,0.57,2022-01-28
2021-09-13,tas,216911,46.5,0.67,2022-01-28
2021-09-14,act,182405,50.15,0.83,2022-01-28
2021-09-14,qld,1619806,36.96,0.54,2022-01-28
2021-09-14,nsw,3189070,45.85,0.94,2022-01-28
2021-09-14,vic,2268922,39.69,0.48,2022-01-28
2021-09-14,sa,601969,39.52,0.56,2022-01-28
2021-09-14,tas,219520,47.06,0.56,2022-01-28
2021-09-15,act,184994,50.86,0.71,2022-01-28
2021-09-15,qld,1644535,37.52,0.56,2022-01-28
2021-09-15,nsw,3259323,46.86,1.01,2022-01-28
2021-09-15,vic,2295722,40.16,0.47,2022-01-28
2021-09-15,sa,610759,40.1,0.58,2022-01-28
2021-09-15,tas,221506,47.48,0.42,2022-01-28
2021-09-16,act,187502,51.55,0.69,2022-01-28
2021-09-16,qld,1669118,38.08,0.56,2022-01-28
2021-09-16,nsw,3323936,47.79,0.93,2022-01-28
2021-09-16,vic,2323385,40.65,0.49,2022-01-28
2021-09-16,sa,619028,40.64,0.54,2022-01-28
2021-09-16,tas,223597,47.93,0.45,2022-01-28
2021-09-17,act,190242,52.3,0.75,2022-01-28
2021-09-17,qld,1692357,38.61,0.53,2022-01-28
2021-09-17,nsw,3412016,49.05,1.26,2022-01-28
2021-09-17,vic,2353433,41.17,0.52,2022-01-28
2021-09-17,sa,627342,41.19,0.55,2022-01-28
2021-09-17,tas,225681,48.38,0.45,2022-01-28
2021-09-18,act,192709,52.98,0.68,2022-01-28
2021-09-18,qld,1707734,38.96,0.35,2022-01-28
2021-09-18,nsw,3461082,49.76,0.71,2022-01-28
2021-09-18,vic,2372803,41.51,0.34,2022-01-28
2021-09-18,sa,632028,41.49,0.3,2022-01-28
2021-09-18,tas,228031,48.88,0.5,2022-01-28
2021-09-19,act,193955,53.32,0.34,2022-01-28
2021-09-19,qld,1717554,39.19,0.23,2022-01-28
2021-09-19,nsw,3487539,50.14,0.38,2022-01-28
2021-09-19,vic,2386308,41.75,0.24,2022-01-28
2021-09-19,sa,635867,41.75,0.26,2022-01-28
2021-09-19,tas,229795,49.26,0.38,2022-01-28
2021-09-20,act,196181,53.94,0.62,2022-01-28
2021-09-20,qld,1740169,39.7,0.51,2022-01-28
2021-09-20,nsw,3563962,51.24,1.1,2022-01-28
2021-09-20,vic,2416632,42.28,0.53,2022-01-28
2021-09-20,sa,643920,42.28,0.53,2022-01-28
2021-09-20,tas,233021,49.95,0.69,2022-01-28
2021-09-21,act,199773,54.92,0.98,2022-01-28
2021-09-21,qld,1762005,40.2,0.5,2022-01-28
2021-09-21,nsw,3646849,52.43,1.19,2022-01-28
2021-09-21,vic,2448310,42.83,0.55,2022-01-28
2021-09-21,sa,652599,42.85,0.57,2022-01-28
2021-09-21,tas,236041,50.6,0.65,2022-01-28
2021-09-22,act,202402,55.65,0.73,2022-01-28
2021-09-22,qld,1785815,40.75,0.55,2022-01-28
2021-09-22,nsw,3724979,53.55,1.12,2022-01-28
2021-09-22,vic,2481960,43.42,0.59,2022-01-28
2021-09-22,sa,661669,43.44,0.59,2022-01-28
2021-09-22,tas,240131,51.48,0.88,2022-01-28
2021-09-23,act,204965,56.35,0.7,2022-01-28
2021-09-23,qld,1810827,41.32,0.57,2022-01-28
2021-09-23,nsw,3804258,54.69,1.14,2022-01-28
2021-09-23,vic,2520734,44.1,0.68,2022-01-28
2021-09-23,sa,670492,44.02,0.58,2022-01-28
2021-09-23,tas,242966,52.08,0.6,2022-01-28
2021-09-24,act,207886,57.15,0.8,2022-01-28
2021-09-24,qld,1833578,41.84,0.52,2022-01-28
2021-09-24,nsw,3898564,56.05,1.36,2022-01-28
2021-09-24,vic,2541358,44.46,0.36,2022-01-28
2021-09-24,sa,679386,44.6,0.58,2022-01-28
2021-09-24,tas,245627,52.66,0.58,2022-01-28
2021-09-25,act,210310,57.82,0.67,2022-01-28
2021-09-25,qld,1849042,42.19,0.35,2022-01-28
2021-09-25,nsw,3953132,56.83,0.78,2022-01-28
2021-09-25,vic,2564295,44.86,0.4,2022-01-28
2021-09-25,sa,685159,44.98,0.38,2022-01-28
2021-09-25,tas,248406,53.25,0.59,2022-01-28
2021-09-26,act,211978,58.28,0.46,2022-01-28
2021-09-26,qld,1859816,42.43,0.24,2022-01-28
2021-09-26,nsw,3979094,57.2,0.37,2022-01-28
2021-09-26,vic,2582923,45.19,0.33,2022-01-28
2021-09-26,sa,689378,45.26,0.28,2022-01-28
2021-09-26,tas,249709,53.53,0.28,2022-01-28
2021-09-27,act,214638,59.01,0.73,2022-01-28
2021-09-27,qld,1879082,42.87,0.44,2022-01-28
2021-09-27,nsw,4060612,58.38,1.18,2022-01-28
2021-09-27,vic,2621067,45.85,0.66,2022-01-28
2021-09-27,sa,697225,45.78,0.52,2022-01-28
2021-09-27,tas,251718,53.96,0.43,2022-01-28
2021-09-28,act,217832,59.89,0.88,2022-01-28
2021-09-28,qld,1902748,43.41,0.54,2022-01-28
2021-09-28,nsw,4145673,59.6,1.22,2022-01-28
2021-09-28,vic,2660011,46.53,0.68,2022-01-28
2021-09-28,sa,705669,46.33,0.55,2022-01-28
2021-09-28,tas,254832,54.63,0.67,2022-01-28
2021-09-29,act,219885,60.45,0.56,2022-01-28
2021-09-29,qld,1926669,43.96,0.55,2022-01-28
2021-09-29,nsw,4218516,60.65,1.05,2022-01-28
2021-09-29,vic,2697272,47.19,0.66,2022-01-28
2021-09-29,sa,714579,46.91,0.58,2022-01-28
2021-09-29,tas,257460,55.19,0.56,2022-01-28
2021-09-30,act,223427,61.43,0.98,2022-01-28
2021-09-30,qld,1953345,44.57,0.61,2022-01-28
2021-09-30,nsw,4297900,61.79,1.14,2022-01-28
2021-09-30,vic,2742161,47.97,0.78,2022-01-28
2021-09-30,sa,723897,47.53,0.62,2022-01-28
2021-09-30,tas,261393,56.04,0.85,2022-01-28
2021-10-01,act,226579,62.29,0.86,2022-01-28
2021-10-01,qld,1978092,45.13,0.56,2022-01-28
2021-10-01,nsw,4384051,63.03,1.24,2022-01-28
2021-10-01,vic,2787833,48.77,0.8,2022-01-28
2021-10-01,sa,732380,48.08,0.55,2022-01-28
2021-10-01,tas,263468,56.48,0.44,2022-01-28
2021-10-02,act,229808,63.18,0.89,2022-01-28
2021-10-02,qld,1994781,45.51,0.38,2022-01-28
2021-10-02,nsw,4428121,63.66,0.63,2022-01-28
2021-10-02,vic,2824470,49.41,0.64,2022-01-28
2021-10-02,sa,737883,48.44,0.36,2022-01-28
2021-10-02,tas,264643,56.73,0.25,2022-01-28
2021-10-03,act,232360,63.88,0.7,2022-01-28
2021-10-03,qld,2007942,45.81,0.3,2022-01-28
2021-10-03,nsw,4449546,63.97,0.31,2022-01-28
2021-10-03,vic,2850602,49.87,0.46,2022-01-28
2021-10-03,sa,741961,48.71,0.27,2022-01-28
2021-10-03,tas,265113,56.83,0.1,2022-01-28
2021-10-04,act,234025,64.34,0.46,2022-01-28
2021-10-04,qld,2018025,46.04,0.23,2022-01-28
2021-10-04,nsw,4465060,64.19,0.22,2022-01-28
2021-10-04,vic,2903244,50.79,0.92,2022-01-28
2021-10-04,sa,745087,48.92,0.21,2022-01-28
2021-10-04,tas,271023,58.1,1.27,2022-01-28
2021-10-05,act,237687,65.35,1.01,2022-01-28
2021-10-05,qld,2045111,46.66,0.62,2022-01-28
2021-10-05,nsw,4567214,65.66,1.47,2022-01-28
2021-10-05,vic,2958272,51.75,0.96,2022-01-28
2021-10-05,sa,755084,49.57,0.65,2022-01-28
2021-10-05,tas,274067,58.75,0.65,2022-01-28
2021-10-06,act,241471,66.39,1.04,2022-01-28
2021-10-06,qld,2078274,47.42,0.76,2022-01-28
2021-10-06,nsw,4653723,66.9,1.24,2022-01-28
2021-10-06,vic,3015264,52.75,1,2022-01-28
2021-10-06,sa,764906,50.22,0.65,2022-01-28
2021-10-06,tas,277153,59.41,0.66,2022-01-28
2021-10-07,act,245592,67.52,1.13,2022-01-28
2021-10-07,qld,2111011,48.17,0.75,2022-01-28
2021-10-07,nsw,4738793,68.13,1.23,2022-01-28
2021-10-07,vic,3073742,53.77,1.02,2022-01-28
2021-10-07,sa,774452,50.85,0.63,2022-01-28
2021-10-07,tas,280428,60.12,0.71,2022-01-28
2021-10-08,act,249053,68.47,0.95,2022-01-28
2021-10-08,qld,2141292,48.86,0.69,2022-01-28
2021-10-08,nsw,4831173,69.45,1.32,2022-01-28
2021-10-08,vic,3136657,54.87,1.1,2022-01-28
2021-10-08,sa,783742,51.46,0.61,2022-01-28
2021-10-08,tas,283577,60.79,0.67,2022-01-28
2021-10-09,act,252602,69.45,0.98,2022-01-28
2021-10-09,qld,2164039,49.38,0.52,2022-01-28
2021-10-09,nsw,4890800,70.31,0.86,2022-01-28
2021-10-09,vic,3192556,55.85,0.98,2022-01-28
2021-10-09,sa,790181,51.88,0.42,2022-01-28
2021-10-09,tas,286132,61.34,0.55,2022-01-28
2021-10-10,act,255390,70.21,0.76,2022-01-28
2021-10-10,qld,2185487,49.86,0.48,2022-01-28
2021-10-10,nsw,4925635,70.81,0.5,2022-01-28
2021-10-10,vic,3232808,56.56,0.71,2022-01-28
2021-10-10,sa,795030,52.2,0.32,2022-01-28
2021-10-10,tas,287543,61.64,0.3,2022-01-28
2021-10-11,act,259048,71.22,1.01,2022-01-28
2021-10-11,qld,2215894,50.56,0.7,2022-01-28
2021-10-11,nsw,5018535,72.15,1.34,2022-01-28
2021-10-11,vic,3295181,57.65,1.09,2022-01-28
2021-10-11,sa,803757,52.77,0.57,2022-01-28
2021-10-11,tas,289615,62.09,0.45,2022-01-28
2021-10-12,act,263992,72.58,1.36,2022-01-28
2021-10-12,qld,2249477,51.32,0.76,2022-01-28
2021-10-12,nsw,5116994,73.56,1.41,2022-01-28
2021-10-12,vic,3361492,58.81,1.16,2022-01-28
2021-10-12,sa,814254,53.46,0.69,2022-01-28
2021-10-12,tas,292661,62.74,0.65,2022-01-28
2021-10-13,act,268139,73.72,1.14,2022-01-28
2021-10-13,qld,2279736,52.01,0.69,2022-01-28
2021-10-13,nsw,5207377,74.86,1.3,2022-01-28
2021-10-13,vic,3429860,60,1.19,2022-01-28
2021-10-13,sa,824336,54.12,0.66,2022-01-28
2021-10-13,tas,295944,63.44,0.7,2022-01-28
2021-10-14,act,270939,74.49,0.77,2022-01-28
2021-10-14,qld,2313027,52.77,0.76,2022-01-28
2021-10-14,nsw,5288225,76.02,1.16,2022-01-28
2021-10-14,vic,3498847,61.21,1.21,2022-01-28
2021-10-14,sa,834344,54.78,0.66,2022-01-28
2021-10-14,tas,299623,64.23,0.79,2022-01-28
2021-10-15,act,275495,75.74,1.25,2022-01-28
2021-10-15,qld,2342692,53.45,0.68,2022-01-28
2021-10-15,nsw,5364911,77.13,1.11,2022-01-28
2021-10-15,vic,3570315,62.46,1.25,2022-01-28
2021-10-15,sa,843377,55.37,0.59,2022-01-28
2021-10-15,tas,301957,64.73,0.5,2022-01-28
2021-10-16,act,279915,76.96,1.22,2022-01-28
2021-10-16,qld,2362143,53.9,0.45,2022-01-28
2021-10-16,nsw,5405628,77.71,0.58,2022-01-28
2021-10-16,vic,3629969,63.5,1.04,2022-01-28
2021-10-16,sa,849270,55.76,0.39,2022-01-28
2021-10-16,tas,304076,65.19,0.46,2022-01-28
2021-10-17,act,283421,77.92,0.96,2022-01-28
2021-10-17,qld,2377978,54.26,0.36,2022-01-28
2021-10-17,nsw,5440365,78.21,0.5,2022-01-28
2021-10-17,vic,3674542,64.28,0.78,2022-01-28
2021-10-17,sa,853346,56.03,0.27,2022-01-28
2021-10-17,tas,305371,65.46,0.27,2022-01-28
2021-10-18,act,287756,79.11,1.19,2022-01-28
2021-10-18,qld,2403874,54.85,0.59,2022-01-28
2021-10-18,nsw,5506563,79.16,0.95,2022-01-28
2021-10-18,vic,3750000,65.6,1.32,2022-01-28
2021-10-18,sa,862884,56.65,0.62,2022-01-28
2021-10-18,tas,308254,66.08,0.62,2022-01-28
2021-10-19,act,292203,80.34,1.23,2022-01-28
2021-10-19,qld,2431669,55.48,0.63,2022-01-28
2021-10-19,nsw,5565441,80.01,0.85,2022-01-28
2021-10-19,vic,3827009,66.95,1.35,2022-01-28
2021-10-19,sa,872764,57.3,0.65,2022-01-28
2021-10-19,tas,310645,66.59,0.51,2022-01-28
2021-10-20,act,296693,81.57,1.23,2022-01-28
2021-10-20,qld,2461523,56.16,0.68,2022-01-28
2021-10-20,nsw,5621660,80.82,0.81,2022-01-28
2021-10-20,vic,3901346,68.25,1.3,2022-01-28
2021-10-20,sa,882472,57.94,0.64,2022-01-28
2021-10-20,tas,313657,67.24,0.65,2022-01-28
2021-10-21,act,301804,82.97,1.4,2022-01-28
2021-10-21,qld,2491111,56.84,0.68,2022-01-28
2021-10-21,nsw,5677232,81.62,0.8,2022-01-28
2021-10-21,vic,3980148,69.63,1.38,2022-01-28
2021-10-21,sa,892248,58.58,0.64,2022-01-28
2021-10-21,tas,316007,67.74,0.5,2022-01-28
2021-10-22,act,306662,84.31,1.34,2022-01-28
2021-10-22,qld,2520715,57.51,0.67,2022-01-28
2021-10-22,nsw,5732872,82.42,0.8,2022-01-28
2021-10-22,vic,4058669,71,1.37,2022-01-28
2021-10-22,sa,901531,59.19,0.61,2022-01-28
2021-10-22,tas,318288,68.23,0.49,2022-01-28
2021-10-23,act,311454,85.63,1.32,2022-01-28
2021-10-23,qld,2539918,57.95,0.44,2022-01-28
2021-10-23,nsw,5766748,82.9,0.48,2022-01-28
2021-10-23,vic,4121644,72.1,1.1,2022-01-28
2021-10-23,sa,908377,59.64,0.45,2022-01-28
2021-10-23,tas,319959,68.59,0.36,2022-01-28
2021-10-24,act,313945,86.31,0.68,2022-01-28
2021-10-24,qld,2554964,58.29,0.34,2022-01-28
2021-10-24,nsw,5780737,83.1,0.2,2022-01-28
2021-10-24,vic,4161193,72.8,0.7,2022-01-28
2021-10-24,sa,913176,59.95,0.31,2022-01-28
2021-10-24,tas,321178,68.85,0.26,2022-01-28
2021-10-25,act,318685,87.62,1.31,2022-01-28
2021-10-25,qld,2579699,58.86,0.57,2022-01-28
2021-10-25,nsw,5818705,83.65,0.55,2022-01-28
2021-10-25,vic,4230842,74.02,1.22,2022-01-28
2021-10-25,sa,922169,60.54,0.59,2022-01-28
2021-10-25,tas,323744,69.4,0.55,2022-01-28
2021-10-26,act,322834,88.76,1.14,2022-01-28
2021-10-26,qld,2605737,59.45,0.59,2022-01-28
2021-10-26,nsw,5858123,84.22,0.57,2022-01-28
2021-10-26,vic,4292702,75.1,1.08,2022-01-28
2021-10-26,sa,932142,61.2,0.66,2022-01-28
2021-10-26,tas,326001,69.89,0.49,2022-01-28
2021-10-27,act,326032,89.64,0.88,2022-01-28
2021-10-27,qld,2632767,60.07,0.62,2022-01-28
2021-10-27,nsw,5898147,84.79,0.57,2022-01-28
2021-10-27,vic,4348900,76.08,0.98,2022-01-28
2021-10-27,sa,943412,61.94,0.74,2022-01-28
2021-10-27,tas,328660,70.46,0.57,2022-01-28
2021-10-28,act,329116,90.48,0.84,2022-01-28
2021-10-28,qld,2662663,60.75,0.68,2022-01-28
2021-10-28,nsw,5938861,85.38,0.59,2022-01-28
2021-10-28,vic,4406279,77.08,1,2022-01-28
2021-10-28,sa,953911,62.63,0.69,2022-01-28
2021-10-28,tas,330780,70.91,0.45,2022-01-28
2021-10-29,act,331570,91.16,0.68,2022-01-28
2021-10-29,qld,2684700,61.25,0.5,2022-01-28
2021-10-29,nsw,5977973,85.94,0.56,2022-01-28
2021-10-29,vic,4463382,78.08,1,2022-01-28
2021-10-29,sa,965084,63.36,0.73,2022-01-28
2021-10-29,tas,332785,71.34,0.43,2022-01-28
2021-10-30,act,333830,91.78,0.62,2022-01-28
2021-10-30,qld,2700688,61.62,0.37,2022-01-28
2021-10-30,nsw,5999926,86.26,0.32,2022-01-28
2021-10-30,vic,4506691,78.84,0.76,2022-01-28
2021-10-30,sa,972337,63.84,0.48,2022-01-28
2021-10-30,tas,334633,71.74,0.4,2022-01-28
2021-10-31,act,334862,92.06,0.28,2022-01-28
2021-10-31,qld,2712836,61.9,0.28,2022-01-28
2021-10-31,nsw,6009574,86.39,0.13,2022-01-28
2021-10-31,vic,4529058,79.23,0.39,2022-01-28
2021-10-31,sa,977430,64.17,0.33,2022-01-28
2021-10-31,tas,336662,72.17,0.43,2022-01-28
2021-11-01,act,337113,92.68,0.62,2022-01-28
2021-11-01,qld,2740394,62.53,0.63,2022-01-28
2021-11-01,nsw,6046074,86.92,0.53,2022-01-28
2021-11-01,vic,4582075,80.16,0.93,2022-01-28
2021-11-01,sa,987777,64.85,0.68,2022-01-28
2021-11-01,tas,338856,72.64,0.47,2022-01-28
2021-11-02,act,338983,93.2,0.52,2022-01-28
2021-11-02,qld,2765032,63.09,0.56,2022-01-28
2021-11-02,nsw,6077355,87.37,0.45,2022-01-28
2021-11-02,vic,4596119,80.41,0.25,2022-01-28
2021-11-02,sa,997880,65.51,0.66,2022-01-28
2021-11-02,tas,341790,73.27,0.63,2022-01-28
2021-11-03,act,340560,93.63,0.43,2022-01-28
2021-11-03,qld,2789724,63.65,0.56,2022-01-28
2021-11-03,nsw,6105744,87.78,0.41,2022-01-28
2021-11-03,vic,4643853,81.24,0.83,2022-01-28
2021-11-03,sa,1008713,66.23,0.72,2022-01-28
2021-11-03,tas,345305,74.02,0.75,2022-01-28
2021-11-04,act,342025,94.03,0.4,2022-01-28
2021-11-04,qld,2813046,64.18,0.53,2022-01-28
2021-11-04,nsw,6130474,88.13,0.35,2022-01-28
2021-11-04,vic,4689787,82.04,0.8,2022-01-28
2021-11-04,sa,1019102,66.91,0.68,2022-01-28
2021-11-04,tas,347966,74.59,0.57,2022-01-28
2021-11-05,act,343471,94.43,0.4,2022-01-28
2021-11-05,qld,2837586,64.74,0.56,2022-01-28
2021-11-05,nsw,6156414,88.51,0.38,2022-01-28
2021-11-05,vic,4733663,82.81,0.77,2022-01-28
2021-11-05,sa,1029918,67.62,0.71,2022-01-28
2021-11-05,tas,350751,75.19,0.6,2022-01-28
2021-11-06,act,344384,94.68,0.25,2022-01-28
2021-11-06,qld,2850310,65.03,0.29,2022-01-28
2021-11-06,nsw,6168060,88.67,0.16,2022-01-28
2021-11-06,vic,4761123,83.29,0.48,2022-01-28
2021-11-06,sa,1036896,68.08,0.46,2022-01-28
2021-11-06,tas,353367,75.75,0.56,2022-01-28
2021-11-07,act,345109,94.88,0.2,2022-01-28
2021-11-07,qld,2862095,65.3,0.27,2022-01-28
2021-11-07,nsw,6172372,88.73,0.06,2022-01-28
2021-11-07,vic,4774679,83.53,0.24,2022-01-28
2021-11-07,sa,1042111,68.42,0.34,2022-01-28
2021-11-07,tas,355271,76.16,0.41,2022-01-28
2021-11-08,act,346194,95.18,0.3,2022-01-28
2021-11-08,qld,2883563,65.79,0.49,2022-01-28
2021-11-08,nsw,6192099,89.02,0.29,2022-01-28
2021-11-08,vic,4808146,84.11,0.58,2022-01-28
2021-11-08,sa,1051651,69.04,0.62,2022-01-28
2021-11-08,tas,358362,76.82,0.66,2022-01-28
2021-11-09,act,347141,95.44,0.26,2022-01-28
2021-11-09,qld,2904641,66.27,0.48,2022-01-28
2021-11-09,nsw,6210103,89.28,0.26,2022-01-28
2021-11-09,vic,4837627,84.63,0.52,2022-01-28
2021-11-09,sa,1060999,69.66,0.62,2022-01-28
2021-11-09,tas,362562,77.72,0.9,2022-01-28
2021-11-10,act,348085,95.7,0.26,2022-01-28
2021-11-10,qld,2928251,66.81,0.54,2022-01-28
2021-11-10,nsw,6226830,89.52,0.24,2022-01-28
2021-11-10,vic,4865613,85.12,0.49,2022-01-28
2021-11-10,sa,1069827,70.24,0.58,2022-01-28
2021-11-10,tas,365332,78.32,0.6,2022-01-28
2021-11-11,act,349096,95.98,0.28,2022-01-28
2021-11-11,qld,2952861,67.37,0.56,2022-01-28
2021-11-11,nsw,6243318,89.75,0.23,2022-01-28
2021-11-11,vic,4894786,85.63,0.51,2022-01-28
2021-11-11,sa,1078223,70.79,0.55,2022-01-28
2021-11-11,tas,368069,78.9,0.58,2022-01-28
2021-11-12,act,349912,96.2,0.22,2022-01-28
2021-11-12,qld,2978138,67.95,0.58,2022-01-28
2021-11-12,nsw,6259089,89.98,0.23,2022-01-28
2021-11-12,vic,4923992,86.14,0.51,2022-01-28
2021-11-12,sa,1087190,71.38,0.59,2022-01-28
2021-11-12,tas,370578,79.44,0.54,2022-01-28
2021-11-13,act,350395,96.33,0.13,2022-01-28
2021-11-13,qld,2992227,68.27,0.32,2022-01-28
2021-11-13,nsw,6265758,90.08,0.1,2022-01-28
2021-11-13,vic,4940981,86.44,0.3,2022-01-28
2021-11-13,sa,1093809,71.81,0.43,2022-01-28
2021-11-13,tas,372387,79.83,0.39,2022-01-28
2021-11-14,act,350650,96.4,0.07,2022-01-28
2021-11-14,qld,3006989,68.61,0.34,2022-01-28
2021-11-14,nsw,6268391,90.12,0.04,2022-01-28
2021-11-14,vic,4949109,86.58,0.14,2022-01-28
2021-11-14,sa,1098209,72.1,0.29,2022-01-28
2021-11-14,tas,373849,80.14,0.31,2022-01-28
2021-11-15,act,351356,96.6,0.2,2022-01-28
2021-11-15,qld,3031865,69.18,0.57,2022-01-28
2021-11-15,nsw,6279967,90.28,0.16,2022-01-28
2021-11-15,vic,4972159,86.98,0.4,2022-01-28
2021-11-15,sa,1106946,72.67,0.57,2022-01-28
2021-11-15,tas,376296,80.67,0.53,2022-01-28
2021-11-16,act,352062,96.79,0.19,2022-01-28
2021-11-16,qld,3055649,69.72,0.54,2022-01-28
2021-11-16,nsw,6291057,90.44,0.16,2022-01-28
2021-11-16,vic,4991991,87.33,0.35,2022-01-28
2021-11-16,sa,1115729,73.25,0.58,2022-01-28
2021-11-16,tas,379182,81.29,0.62,2022-01-28
2021-11-17,act,352703,96.97,0.18,2022-01-28
2021-11-17,qld,3077563,70.22,0.5,2022-01-28
2021-11-17,nsw,6301870,90.6,0.16,2022-01-28
2021-11-17,vic,5010330,87.65,0.32,2022-01-28
2021-11-17,sa,1124417,73.82,0.57,2022-01-28
2021-11-17,tas,381427,81.77,0.48,2022-01-28
2021-11-18,act,353376,97.15,0.18,2022-01-28
2021-11-18,qld,3100015,70.73,0.51,2022-01-28
2021-11-18,nsw,6311361,90.73,0.13,2022-01-28
2021-11-18,vic,5028915,87.98,0.33,2022-01-28
2021-11-18,sa,1132950,74.38,0.56,2022-01-28
2021-11-18,tas,382684,82.04,0.27,2022-01-28
2021-11-19,act,353939,97.31,0.16,2022-01-28
2021-11-19,qld,3121771,71.23,0.5,2022-01-28
2021-11-19,nsw,6320582,90.87,0.14,2022-01-28
2021-11-19,vic,5044478,88.25,0.27,2022-01-28
2021-11-19,sa,1142122,74.98,0.6,2022-01-28
2021-11-19,tas,386201,82.79,0.75,2022-01-28
2021-11-20,act,354270,97.4,0.09,2022-01-28
2021-11-20,qld,3134911,71.53,0.3,2022-01-28
2021-11-20,nsw,6324333,90.92,0.05,2022-01-28
2021-11-20,vic,5055624,88.44,0.19,2022-01-28
2021-11-20,sa,1148301,75.39,0.41,2022-01-28
2021-11-20,tas,387236,83.01,0.22,2022-01-28
2021-11-21,act,354329,97.42,0.02,2022-01-28
2021-11-21,qld,3138244,71.6,0.07,2022-01-28
2021-11-21,nsw,6325341,90.93,0.01,2022-01-28
2021-11-21,vic,5057810,88.48,0.04,2022-01-28
2021-11-21,sa,1151682,75.61,0.22,2022-01-28
2021-11-21,tas,387331,83.03,0.02,2022-01-28
2021-11-22,act,355011,97.6,0.18,2022-01-28
2021-11-22,qld,3169316,72.31,0.71,2022-01-28
2021-11-22,nsw,6334061,91.06,0.13,2022-01-28
2021-11-22,vic,5080634,88.88,0.4,2022-01-28
2021-11-22,sa,1160307,76.18,0.57,2022-01-28
2021-11-22,tas,389741,83.55,0.52,2022-01-28
2021-11-23,act,355508,97.74,0.14,2022-01-28
2021-11-23,qld,3189291,72.77,0.46,2022-01-28
2021-11-23,nsw,6341726,91.17,0.11,2022-01-28
2021-11-23,vic,5092441,89.09,0.21,2022-01-28
2021-11-23,sa,1168629,76.72,0.54,2022-01-28
2021-11-23,tas,391500,83.93,0.38,2022-01-28
2021-11-24,act,355875,97.84,0.1,2022-01-28
2021-11-24,qld,3208401,73.2,0.43,2022-01-28
2021-11-24,nsw,6348980,91.27,0.1,2022-01-28
2021-11-24,vic,5105511,89.32,0.23,2022-01-28
2021-11-24,sa,1176683,77.25,0.53,2022-01-28
2021-11-24,tas,393104,84.27,0.34,2022-01-28
2021-11-25,act,356144,97.91,0.07,2022-01-28
2021-11-25,qld,3226155,73.61,0.41,2022-01-28
2021-11-25,nsw,6355156,91.36,0.09,2022-01-28
2021-11-25,vic,5118977,89.55,0.23,2022-01-28
2021-11-25,sa,1184451,77.76,0.51,2022-01-28
2021-11-25,tas,395024,84.68,0.41,2022-01-28
2021-11-26,act,356535,98.02,0.11,2022-01-28
2021-11-26,qld,3244351,74.02,0.41,2022-01-28
2021-11-26,nsw,6362348,91.47,0.11,2022-01-28
2021-11-26,vic,5132289,89.79,0.24,2022-01-28
2021-11-26,sa,1191924,78.25,0.49,2022-01-28
2021-11-26,tas,396696,85.04,0.36,2022-01-28
2021-11-27,act,356702,98.07,0.05,2022-01-28
2021-11-27,qld,3253519,74.23,0.21,2022-01-28
2021-11-27,nsw,6365073,91.51,0.04,2022-01-28
2021-11-27,vic,5138001,89.89,0.1,2022-01-28
2021-11-27,sa,1196683,78.57,0.32,2022-01-28
2021-11-27,tas,397586,85.23,0.19,2022-01-28
2021-11-28,act,356889,98.12,0.05,2022-01-28
2021-11-28,qld,3261586,74.42,0.19,2022-01-28
2021-11-28,nsw,6366060,91.52,0.01,2022-01-28
2021-11-28,vic,5140389,89.93,0.04,2022-01-28
2021-11-28,sa,1199407,78.75,0.18,2022-01-28
2021-11-28,tas,398339,85.39,0.16,2022-01-28
2021-11-29,act,357214,98.21,0.09,2022-01-28
2021-11-29,qld,3278512,74.8,0.38,2022-01-28
2021-11-29,nsw,6372197,91.61,0.09,2022-01-28
2021-11-29,vic,5150117,90.1,0.17,2022-01-28
2021-11-29,sa,1206478,79.21,0.46,2022-01-28
2021-11-29,tas,399740,85.69,0.3,2022-01-28
2021-11-30,act,357554,98.3,0.09,2022-01-28
2021-11-30,qld,3294796,75.17,0.37,2022-01-28
2021-11-30,nsw,6378225,91.69,0.08,2022-01-28
2021-11-30,vic,5157204,90.22,0.12,2022-01-28
2021-11-30,sa,1213153,79.65,0.44,2022-01-28
2021-11-30,tas,401218,86.01,0.32,2022-01-28
2021-12-01,act,357791,98.37,0.07,2022-01-28
2021-12-01,qld,3312997,75.59,0.42,2022-01-28
2021-12-01,nsw,6383068,91.76,0.07,2022-01-28
2021-12-01,vic,5164106,90.34,0.12,2022-01-28
2021-12-01,sa,1219343,80.05,0.4,2022-01-28
2021-12-01,tas,402477,86.28,0.27,2022-01-28
2021-12-02,act,357991,98.42,0.05,2022-01-28
2021-12-02,qld,3334802,76.09,0.5,2022-01-28
2021-12-02,nsw,6387955,91.83,0.07,2022-01-28
2021-12-02,vic,5170961,90.46,0.12,2022-01-28
2021-12-02,sa,1224739,80.41,0.36,2022-01-28
2021-12-02,tas,403836,86.57,0.29,2022-01-28
2021-12-03,act,358273,98.5,0.08,2022-01-28
2021-12-03,qld,3355749,76.57,0.48,2022-01-28
2021-12-03,nsw,6393476,91.91,0.08,2022-01-28
2021-12-03,vic,5177589,90.58,0.12,2022-01-28
2021-12-03,sa,1230503,80.79,0.38,2022-01-28
2021-12-03,tas,405138,86.85,0.28,2022-01-28
2021-12-04,act,358420,98.54,0.04,2022-01-28
2021-12-04,qld,3368151,76.85,0.28,2022-01-28
2021-12-04,nsw,6395543,91.94,0.03,2022-01-28
2021-12-04,vic,5181024,90.64,0.06,2022-01-28
2021-12-04,sa,1234031,81.02,0.23,2022-01-28
2021-12-04,tas,405616,86.95,0.1,2022-01-28
2021-12-05,act,358519,98.57,0.03,2022-01-28
2021-12-05,qld,3378661,77.09,0.24,2022-01-28
2021-12-05,nsw,6396368,91.95,0.01,2022-01-28
2021-12-05,vic,5182475,90.66,0.02,2022-01-28
2021-12-05,sa,1236056,81.15,0.13,2022-01-28
2021-12-05,tas,406066,87.05,0.1,2022-01-28
2021-12-06,act,358766,98.64,0.07,2022-01-28
2021-12-06,qld,3398748,77.55,0.46,2022-01-28
2021-12-06,nsw,6400706,92.02,0.07,2022-01-28
2021-12-06,vic,5188271,90.76,0.1,2022-01-28
2021-12-06,sa,1240859,81.47,0.32,2022-01-28
2021-12-06,tas,407201,87.29,0.24,2022-01-28
2021-12-07,act,358999,98.7,0.06,2022-01-28
2021-12-07,qld,3419829,78.03,0.48,2022-01-28
2021-12-07,nsw,6405004,92.08,0.06,2022-01-28
2021-12-07,vic,5193385,90.85,0.09,2022-01-28
2021-12-07,sa,1246285,81.82,0.35,2022-01-28
2021-12-07,tas,408599,87.59,0.3,2022-01-28
2021-12-08,act,359161,98.74,0.04,2022-01-28
2021-12-08,qld,3442956,78.56,0.53,2022-01-28
2021-12-08,nsw,6409218,92.14,0.06,2022-01-28
2021-12-08,vic,5198560,90.94,0.09,2022-01-28
2021-12-08,sa,1251975,82.2,0.38,2022-01-28
2021-12-08,tas,409797,87.85,0.26,2022-01-28
2021-12-09,act,359297,98.78,0.04,2022-01-28
2021-12-09,qld,3465414,79.07,0.51,2022-01-28
2021-12-09,nsw,6413287,92.2,0.06,2022-01-28
2021-12-09,vic,5203521,91.03,0.09,2022-01-28
2021-12-09,sa,1257230,82.54,0.34,2022-01-28
2021-12-09,tas,411661,88.25,0.4,2022-01-28
2021-12-10,act,359515,98.84,0.06,2022-01-28
2021-12-10,qld,3481659,79.44,0.37,2022-01-28
2021-12-10,nsw,6417289,92.26,0.06,2022-01-28
2021-12-10,vic,5209033,91.13,0.1,2022-01-28
2021-12-10,sa,1262602,82.89,0.35,2022-01-28
2021-12-10,tas,413249,88.59,0.34,2022-01-28
2021-12-11,act,359625,98.87,0.03,2022-01-28
2021-12-11,qld,3492584,79.69,0.25,2022-01-28
2021-12-11,nsw,6418911,92.28,0.02,2022-01-28
2021-12-11,vic,5211491,91.17,0.04,2022-01-28
2021-12-11,sa,1265880,83.11,0.22,2022-01-28
2021-12-11,tas,413865,88.72,0.13,2022-01-28
2021-12-12,act,359653,98.88,0.01,2022-01-28
2021-12-12,qld,3495446,79.75,0.06,2022-01-28
2021-12-12,nsw,6419310,92.28,0,2022-01-28
2021-12-12,vic,5212383,91.19,0.02,2022-01-28
2021-12-12,sa,1267833,83.24,0.13,2022-01-28
2021-12-12,tas,414298,88.81,0.09,2022-01-28
2021-12-13,act,359854,98.93,0.05,2022-01-28
2021-12-13,qld,3528945,80.52,0.77,2022-01-28
2021-12-13,nsw,6422891,92.34,0.06,2022-01-28
2021-12-13,vic,5217327,91.27,0.08,2022-01-28
2021-12-13,sa,1273108,83.58,0.34,2022-01-28
2021-12-13,tas,415263,89.02,0.21,2022-01-28
2021-12-14,act,360059,98.99,0.06,2022-01-28
2021-12-14,qld,3552024,81.04,0.52,2022-01-28
2021-12-14,nsw,6426296,92.39,0.05,2022-01-28
2021-12-14,vic,5221774,91.35,0.08,2022-01-28
2021-12-14,sa,1278639,83.95,0.37,2022-01-28
2021-12-14,tas,416283,89.24,0.22,2022-01-28
2021-12-15,act,360205,99.03,0.04,2022-01-28
2021-12-15,qld,3574620,81.56,0.52,2022-01-28
2021-12-15,nsw,6429276,92.43,0.04,2022-01-28
2021-12-15,vic,5226264,91.43,0.08,2022-01-28
2021-12-15,sa,1284369,84.32,0.37,2022-01-28
2021-12-15,tas,418030,89.61,0.37,2022-01-28
2021-12-16,act,360392,99.08,0.05,2022-01-28
2021-12-16,qld,3599099,82.12,0.56,2022-01-28
2021-12-16,nsw,6432466,92.47,0.04,2022-01-28
2021-12-16,vic,5230468,91.5,0.07,2022-01-28
2021-12-16,sa,1289853,84.68,0.36,2022-01-28
2021-12-16,tas,419622,89.95,0.34,2022-01-28
2021-12-17,act,360565,99.13,0.05,2022-01-28
2021-12-17,qld,3625174,82.71,0.59,2022-01-28
2021-12-17,nsw,6435466,92.52,0.05,2022-01-28
2021-12-17,vic,5234686,91.58,0.08,2022-01-28
2021-12-17,sa,1294820,85.01,0.33,2022-01-28
2021-12-17,tas,420868,90.22,0.27,2022-01-28
2021-12-18,act,360650,99.15,0.02,2022-01-28
2021-12-18,qld,3638089,83.01,0.3,2022-01-28
2021-12-18,nsw,6436676,92.53,0.01,2022-01-28
2021-12-18,vic,5236438,91.61,0.03,2022-01-28
2021-12-18,sa,1297754,85.2,0.19,2022-01-28
2021-12-18,tas,421356,90.33,0.11,2022-01-28
2021-12-19,act,360700,99.17,0.02,2022-01-28
2021-12-19,qld,3646382,83.2,0.19,2022-01-28
2021-12-19,nsw,6437227,92.54,0.01,2022-01-28
2021-12-19,vic,5237300,91.62,0.01,2022-01-28
2021-12-19,sa,1299726,85.33,0.13,2022-01-28
2021-12-19,tas,421812,90.42,0.09,2022-01-28
2021-12-20,act,360818,99.2,0.03,2022-01-28
2021-12-20,qld,3661972,83.55,0.35,2022-01-28
2021-12-20,nsw,6439675,92.58,0.04,2022-01-28
2021-12-20,vic,5241103,91.69,0.07,2022-01-28
2021-12-20,sa,1304290,85.63,0.3,2022-01-28
2021-12-20,tas,422705,90.62,0.2,2022-01-28
2021-12-21,act,360988,99.25,0.05,2022-01-28
2021-12-21,qld,3675751,83.87,0.32,2022-01-28
2021-12-21,nsw,6441894,92.61,0.03,2022-01-28
2021-12-21,vic,5244677,91.75,0.06,2022-01-28
2021-12-21,sa,1308736,85.92,0.29,2022-01-28
2021-12-21,tas,423873,90.87,0.25,2022-01-28
2021-12-22,act,361106,99.28,0.03,2022-01-28
2021-12-22,qld,3688686,84.16,0.29,2022-01-28
2021-12-22,nsw,6444119,92.64,0.03,2022-01-28
2021-12-22,vic,5248038,91.81,0.06,2022-01-28
2021-12-22,sa,1312291,86.16,0.24,2022-01-28
2021-12-22,tas,424804,91.07,0.2,2022-01-28
2021-12-23,act,361202,99.3,0.02,2022-01-28
2021-12-23,qld,3699073,84.4,0.24,2022-01-28
2021-12-23,nsw,6445555,92.66,0.02,2022-01-28
2021-12-23,vic,5249846,91.84,0.03,2022-01-28
2021-12-23,sa,1315232,86.35,0.19,2022-01-28
2021-12-23,tas,426114,91.35,0.28,2022-01-28
2021-12-24,act,361202,99.3,0,2022-01-28
2021-12-24,qld,3699073,84.4,0,2022-01-28
2021-12-24,nsw,6445555,92.66,0,2022-01-28
2021-12-24,vic,5249846,91.84,0,2022-01-28
2021-12-24,sa,1315232,86.35,0,2022-01-28
2021-12-24,tas,426114,91.35,0,2022-01-28
2021-12-25,act,361202,99.3,0,2022-01-28
2021-12-25,qld,3699073,84.4,0,2022-01-28
2021-12-25,nsw,6445555,92.66,0,2022-01-28
2021-12-25,vic,5249846,91.84,0,2022-01-28
2021-12-25,sa,1315232,86.35,0,2022-01-28
2021-12-25,tas,426114,91.35,0,2022-01-28
2021-12-26,act,361257,99.32,0.02,2022-01-28
2021-12-26,qld,3709014,84.63,0.23,2022-01-28
2021-12-26,nsw,6446248,92.67,0.01,2022-01-28
2021-12-26,vic,5251499,91.87,0.03,2022-01-28
2021-12-26,sa,1316885,86.46,0.11,2022-01-28
2021-12-26,tas,426785,91.49,0.14,2022-01-28
2021-12-27,act,361260,99.32,0,2022-01-28
2021-12-27,qld,3710234,84.65,0.02,2022-01-28
2021-12-27,nsw,6446500,92.68,0.01,2022-01-28
2021-12-27,vic,5251886,91.88,0.01,2022-01-28
2021-12-27,sa,1317413,86.49,0.03,2022-01-28
2021-12-27,tas,426862,91.51,0.02,2022-01-28
2021-12-28,act,361309,99.33,0.01,2022-01-28
2021-12-28,qld,3712143,84.7,0.05,2022-01-28
2021-12-28,nsw,6446732,92.68,0,2022-01-28
2021-12-28,vic,5252260,91.88,0,2022-01-28
2021-12-28,sa,1318026,86.53,0.04,2022-01-28
2021-12-28,tas,426908,91.52,0.01,2022-01-28
2021-12-29,act,361333,99.34,0.01,2022-01-28
2021-12-29,qld,3720100,84.88,0.18,2022-01-28
2021-12-29,nsw,6448263,92.7,0.02,2022-01-28
2021-12-29,vic,5254136,91.92,0.04,2022-01-28
2021-12-29,sa,1320830,86.72,0.19,2022-01-28
2021-12-29,tas,427516,91.65,0.13,2022-01-28
2021-12-30,act,361408,99.36,0.02,2022-01-28
2021-12-30,qld,3730411,85.11,0.23,2022-01-28
2021-12-30,nsw,6449573,92.72,0.02,2022-01-28
2021-12-30,vic,5255648,91.94,0.02,2022-01-28
2021-12-30,sa,1323085,86.87,0.15,2022-01-28
2021-12-30,tas,428169,91.79,0.14,2022-01-28
2021-12-31,act,361408,99.36,0,2022-01-28
2021-12-31,qld,3730411,85.11,0,2022-01-28
2021-12-31,nsw,6449573,92.72,0,2022-01-28
2021-12-31,vic,5255648,91.94,0,2022-01-28
2021-12-31,sa,1323085,86.87,0,2022-01-28
2021-12-31,tas,428169,91.79,0,2022-01-28
2022-01-01,act,361408,99.36,0,2022-01-28
2022-01-01,qld,3730411,85.11,0,2022-01-28
2022-01-01,nsw,6449573,92.72,0,2022-01-28
2022-01-01,vic,5255648,91.94,0,2022-01-28
2022-01-01,sa,1323085,86.87,0,2022-01-28
2022-01-01,tas,428169,91.79,0,2022-01-28
2022-01-02,act,361375,99.35,-0.01,2022-01-28
2022-01-02,qld,3740024,85.33,0.22,2022-01-28
2022-01-02,nsw,6449849,92.72,0,2022-01-28
2022-01-02,vic,5255959,91.95,0.01,2022-01-28
2022-01-02,sa,1324823,86.98,0.11,2022-01-28
2022-01-02,tas,428694,91.9,0.11,2022-01-28
2022-01-03,act,361395,99.36,0.01,2022-01-28
2022-01-03,qld,3741409,85.36,0.03,2022-01-28
2022-01-03,nsw,6450031,92.73,0.01,2022-01-28
2022-01-03,vic,5256295,91.95,0,2022-01-28
2022-01-03,sa,1325292,87.01,0.03,2022-01-28
2022-01-03,tas,428776,91.92,0.02,2022-01-28
2022-01-04,act,361553,99.4,0.04,2022-01-28
2022-01-04,qld,3749367,85.55,0.19,2022-01-28
2022-01-04,nsw,6451638,92.75,0.02,2022-01-28
2022-01-04,vic,5258513,91.99,0.04,2022-01-28
2022-01-04,sa,1329126,87.26,0.25,2022-01-28
2022-01-04,tas,429595,92.09,0.17,2022-01-28
2022-01-05,act,361723,99.45,0.05,2022-01-28
2022-01-05,qld,3759735,85.78,0.23,2022-01-28
2022-01-05,nsw,6453233,92.77,0.02,2022-01-28
2022-01-05,vic,5260614,92.03,0.04,2022-01-28
2022-01-05,sa,1332556,87.49,0.23,2022-01-28
2022-01-05,tas,430438,92.27,0.18,2022-01-28
2022-01-06,act,361789,99.47,0.02,2022-01-28
2022-01-06,qld,3769146,86,0.22,2022-01-28
2022-01-06,nsw,6454411,92.79,0.02,2022-01-28
2022-01-06,vic,5262572,92.06,0.03,2022-01-28
2022-01-06,sa,1335292,87.67,0.18,2022-01-28
2022-01-06,tas,432117,92.63,0.36,2022-01-28
2022-01-07,act,361853,99.48,0.01,2022-01-28
2022-01-07,qld,3778488,86.21,0.21,2022-01-28
2022-01-07,nsw,6455852,92.81,0.02,2022-01-28
2022-01-07,vic,5264549,92.1,0.04,2022-01-28
2022-01-07,sa,1337867,87.84,0.17,2022-01-28
2022-01-07,tas,433352,92.9,0.27,2022-01-28
2022-01-08,act,361896,99.5,0.02,2022-01-28
2022-01-08,qld,3783733,86.33,0.12,2022-01-28
2022-01-08,nsw,6456542,92.82,0.01,2022-01-28
2022-01-08,vic,5265474,92.12,0.02,2022-01-28
2022-01-08,sa,1339258,87.93,0.09,2022-01-28
2022-01-08,tas,433924,93.02,0.12,2022-01-28
2022-01-09,act,361923,99.5,0,2022-01-28
2022-01-09,qld,3786844,86.4,0.07,2022-01-28
2022-01-09,nsw,6456182,92.81,-0.01,2022-01-28
2022-01-09,vic,5264104,92.09,-0.03,2022-01-28
2022-01-09,sa,1339564,87.95,0.02,2022-01-28
2022-01-09,tas,434152,93.07,0.05,2022-01-28
2022-01-10,act,362109,99.55,0.05,2022-01-28
2022-01-10,qld,3794432,86.57,0.17,2022-01-28
2022-01-10,nsw,6458695,92.85,0.04,2022-01-28
2022-01-10,vic,5266358,92.13,0.04,2022-01-28
2022-01-10,sa,1341864,88.1,0.15,2022-01-28
2022-01-10,tas,434832,93.22,0.15,2022-01-28
2022-01-11,act,362113,99.56,0.01,2022-01-28
2022-01-11,qld,3801608,86.74,0.17,2022-01-28
2022-01-11,nsw,6459417,92.86,0.01,2022-01-28
2022-01-11,vic,5266915,92.14,0.01,2022-01-28
2022-01-11,sa,1343790,88.22,0.12,2022-01-28
2022-01-11,tas,435672,93.4,0.18,2022-01-28
2022-01-12,act,362185,99.58,0.02,2022-01-28
2022-01-12,qld,3809633,86.92,0.18,2022-01-28
2022-01-12,nsw,6460885,92.88,0.02,2022-01-28
2022-01-12,vic,5267875,92.16,0.02,2022-01-28
2022-01-12,sa,1345620,88.34,0.12,2022-01-28
2022-01-12,tas,436532,93.58,0.18,2022-01-28
2022-01-13,act,362249,99.59,0.01,2022-01-28
2022-01-13,qld,3816825,87.09,0.17,2022-01-28
2022-01-13,nsw,6462551,92.91,0.03,2022-01-28
2022-01-13,vic,5269540,92.19,0.03,2022-01-28
2022-01-13,sa,1347494,88.47,0.13,2022-01-28
2022-01-13,tas,437544,93.8,0.22,2022-01-28
2022-01-14,act,362315,99.61,0.02,2022-01-28
2022-01-14,qld,3823293,87.23,0.14,2022-01-28
2022-01-14,nsw,6463972,92.93,0.02,2022-01-28
2022-01-14,vic,5271038,92.21,0.02,2022-01-28
2022-01-14,sa,1349113,88.57,0.1,2022-01-28
2022-01-14,tas,438322,93.96,0.16,2022-01-28
2022-01-15,act,362345,99.62,0.01,2022-01-28
2022-01-15,qld,3826161,87.3,0.07,2022-01-28
2022-01-15,nsw,6464583,92.94,0.01,2022-01-28
2022-01-15,vic,5271541,92.22,0.01,2022-01-28
2022-01-15,sa,1349850,88.62,0.05,2022-01-28
2022-01-15,tas,438494,94,0.04,2022-01-28
2022-01-16,act,362293,99.6,-0.02,2022-01-28
2022-01-16,qld,3826601,87.31,0.01,2022-01-28
2022-01-16,nsw,6464054,92.93,-0.01,2022-01-28
2022-01-16,vic,5271292,92.22,0,2022-01-28
2022-01-16,sa,1350101,88.64,0.02,2022-01-28
2022-01-16,tas,438493,94,0,2022-01-28
2022-01-17,act,362421,99.64,0.04,2022-01-28
2022-01-17,qld,3831016,87.41,0.1,2022-01-28
2022-01-17,nsw,6465545,92.95,0.02,2022-01-28
2022-01-17,vic,5272671,92.24,0.02,2022-01-28
2022-01-17,sa,1351566,88.74,0.1,2022-01-28
2022-01-17,tas,438937,94.1,0.1,2022-01-28
2022-01-18,act,362500,99.66,0.02,2022-01-28
2022-01-18,qld,3835078,87.5,0.09,2022-01-28
2022-01-18,nsw,6466770,92.97,0.02,2022-01-28
2022-01-18,vic,5273937,92.26,0.02,2022-01-28
2022-01-18,sa,1352966,88.83,0.09,2022-01-28
2022-01-18,tas,439454,94.21,0.11,2022-01-28
2022-01-19,act,362561,99.68,0.02,2022-01-28
2022-01-19,qld,3839144,87.59,0.09,2022-01-28
2022-01-19,nsw,6467940,92.98,0.01,2022-01-28
2022-01-19,vic,5275275,92.29,0.03,2022-01-28
2022-01-19,sa,1354318,88.92,0.09,2022-01-28
2022-01-19,tas,440086,94.34,0.13,2022-01-28
2022-01-20,act,362633,99.7,0.02,2022-01-28
2022-01-20,qld,3842619,87.67,0.08,2022-01-28
2022-01-20,nsw,6469371,93,0.02,2022-01-28
2022-01-20,vic,5276840,92.31,0.02,2022-01-28
2022-01-20,sa,1355792,89.01,0.09,2022-01-28
2022-01-20,tas,440626,94.46,0.12,2022-01-28
2022-01-21,act,362683,99.71,0.01,2022-01-28
2022-01-21,qld,3846109,87.75,0.08,2022-01-28
2022-01-21,nsw,6470751,93.02,0.02,2022-01-28
2022-01-21,vic,5278106,92.34,0.03,2022-01-28
2022-01-21,sa,1357092,89.1,0.09,2022-01-28
2022-01-21,tas,441127,94.57,0.11,2022-01-28
2022-01-22,act,362674,99.71,0,2022-01-28
2022-01-22,qld,3846860,87.77,0.02,2022-01-28
2022-01-22,nsw,6471158,93.03,0.01,2022-01-28
2022-01-22,vic,5278607,92.34,0,2022-01-28
2022-01-22,sa,1357670,89.14,0.04,2022-01-28
2022-01-22,tas,441217,94.58,0.01,2022-01-28
2022-01-23,act,362690,99.71,0,2022-01-28
2022-01-23,qld,3847560,87.79,0.02,2022-01-28
2022-01-23,nsw,6471406,93.03,0,2022-01-28
2022-01-23,vic,5278973,92.35,0.01,2022-01-28
2022-01-23,sa,1358111,89.16,0.02,2022-01-28
2022-01-23,tas,441390,94.62,0.04,2022-01-28
2022-01-24,act,362749,99.73,0.02,2022-01-28
2022-01-24,qld,3850449,87.85,0.06,2022-01-28
2022-01-24,nsw,6472454,93.05,0.02,2022-01-28
2022-01-24,vic,5280228,92.37,0.02,2022-01-28
2022-01-24,sa,1359195,89.24,0.08,2022-01-28
2022-01-24,tas,441692,94.69,0.07,2022-01-28
2022-01-25,act,362832,99.75,0.02,2022-01-28
2022-01-25,qld,3853635,87.93,0.08,2022-01-28
2022-01-25,nsw,6473620,93.07,0.02,2022-01-28
2022-01-25,vic,5281635,92.4,0.03,2022-01-28
2022-01-25,sa,1360745,89.34,0.1,2022-01-28
2022-01-25,tas,442102,94.77,0.08,2022-01-28
2022-01-26,act,362863,99.76,0.01,2022-01-28
2022-01-26,qld,3854390,87.94,0.01,2022-01-28
2022-01-26,nsw,6473734,93.07,0,2022-01-28
2022-01-26,vic,5282084,92.41,0.01,2022-01-28
2022-01-26,sa,1361199,89.37,0.03,2022-01-28
2022-01-26,tas,442255,94.81,0.04,2022-01-28
2022-01-27,act,362863,99.76,NA,2022-01-28
2022-01-27,qld,3854390,87.94,NA,2022-01-28
2022-01-27,nsw,6473734,93.07,NA,2022-01-28
2022-01-27,vic,5282084,92.41,NA,2022-01-28
2022-01-27,sa,1361199,89.37,NA,2022-01-28
2022-01-27,tas,442255,94.81,NA,2022-01-28
